--
-- PostgreSQL database dump
--

-- Dumped from database version 10.10 (Ubuntu 10.10-0ubuntu0.18.04.1)
-- Dumped by pg_dump version 10.10 (Ubuntu 10.10-0ubuntu0.18.04.1)

SET statement_timeout = 0;
SET lock_timeout = 0;
SET idle_in_transaction_session_timeout = 0;
SET client_encoding = 'UTF8';
SET standard_conforming_strings = on;
SELECT pg_catalog.set_config('search_path', '', false);
SET check_function_bodies = false;
SET xmloption = content;
SET client_min_messages = warning;
SET row_security = off;

--
-- Name: plpgsql; Type: EXTENSION; Schema: -; Owner: -
--

CREATE EXTENSION IF NOT EXISTS plpgsql WITH SCHEMA pg_catalog;


--
-- Name: EXTENSION plpgsql; Type: COMMENT; Schema: -; Owner: -
--

COMMENT ON EXTENSION plpgsql IS 'PL/pgSQL procedural language';


SET default_tablespace = '';

SET default_with_oids = false;

--
-- Name: ar_internal_metadata; Type: TABLE; Schema: public; Owner: -
--

CREATE TABLE public.ar_internal_metadata (
    key character varying NOT NULL,
    value character varying,
    created_at timestamp without time zone NOT NULL,
    updated_at timestamp without time zone NOT NULL
);


--
-- Name: exercises; Type: TABLE; Schema: public; Owner: -
--

CREATE TABLE public.exercises (
    id bigint NOT NULL,
    name character varying,
    description character varying,
    category character varying,
    gif_url character varying,
    bi boolean,
    created_at timestamp without time zone NOT NULL,
    updated_at timestamp without time zone NOT NULL
);


--
-- Name: exercises_id_seq; Type: SEQUENCE; Schema: public; Owner: -
--

CREATE SEQUENCE public.exercises_id_seq
    START WITH 1
    INCREMENT BY 1
    NO MINVALUE
    NO MAXVALUE
    CACHE 1;


--
-- Name: exercises_id_seq; Type: SEQUENCE OWNED BY; Schema: public; Owner: -
--

ALTER SEQUENCE public.exercises_id_seq OWNED BY public.exercises.id;


--
-- Name: schema_migrations; Type: TABLE; Schema: public; Owner: -
--

CREATE TABLE public.schema_migrations (
    version character varying NOT NULL
);


--
-- Name: session_workouts; Type: TABLE; Schema: public; Owner: -
--

CREATE TABLE public.session_workouts (
    id bigint NOT NULL,
    session_id integer,
    workout_id integer,
    "order" integer,
    created_at timestamp without time zone NOT NULL,
    updated_at timestamp without time zone NOT NULL
);


--
-- Name: session_workouts_id_seq; Type: SEQUENCE; Schema: public; Owner: -
--

CREATE SEQUENCE public.session_workouts_id_seq
    START WITH 1
    INCREMENT BY 1
    NO MINVALUE
    NO MAXVALUE
    CACHE 1;


--
-- Name: session_workouts_id_seq; Type: SEQUENCE OWNED BY; Schema: public; Owner: -
--

ALTER SEQUENCE public.session_workouts_id_seq OWNED BY public.session_workouts.id;


--
-- Name: sessions; Type: TABLE; Schema: public; Owner: -
--

CREATE TABLE public.sessions (
    id bigint NOT NULL,
    day integer,
    name character varying,
    created_at timestamp without time zone NOT NULL,
    updated_at timestamp without time zone NOT NULL
);


--
-- Name: sessions_id_seq; Type: SEQUENCE; Schema: public; Owner: -
--

CREATE SEQUENCE public.sessions_id_seq
    START WITH 1
    INCREMENT BY 1
    NO MINVALUE
    NO MAXVALUE
    CACHE 1;


--
-- Name: sessions_id_seq; Type: SEQUENCE OWNED BY; Schema: public; Owner: -
--

ALTER SEQUENCE public.sessions_id_seq OWNED BY public.sessions.id;


--
-- Name: user_session_workout_exercises; Type: TABLE; Schema: public; Owner: -
--

CREATE TABLE public.user_session_workout_exercises (
    id bigint NOT NULL,
    user_session_id integer,
    session_workout_id integer,
    workout_exercise_id integer,
    input integer,
    flag boolean,
    note character varying,
    created_at timestamp without time zone NOT NULL,
    updated_at timestamp without time zone NOT NULL
);


--
-- Name: user_session_workout_exercises_id_seq; Type: SEQUENCE; Schema: public; Owner: -
--

CREATE SEQUENCE public.user_session_workout_exercises_id_seq
    START WITH 1
    INCREMENT BY 1
    NO MINVALUE
    NO MAXVALUE
    CACHE 1;


--
-- Name: user_session_workout_exercises_id_seq; Type: SEQUENCE OWNED BY; Schema: public; Owner: -
--

ALTER SEQUENCE public.user_session_workout_exercises_id_seq OWNED BY public.user_session_workout_exercises.id;


--
-- Name: user_sessions; Type: TABLE; Schema: public; Owner: -
--

CREATE TABLE public.user_sessions (
    id bigint NOT NULL,
    user_id integer,
    session_id integer,
    completed boolean,
    created_at timestamp without time zone NOT NULL,
    updated_at timestamp without time zone NOT NULL
);


--
-- Name: user_sessions_id_seq; Type: SEQUENCE; Schema: public; Owner: -
--

CREATE SEQUENCE public.user_sessions_id_seq
    START WITH 1
    INCREMENT BY 1
    NO MINVALUE
    NO MAXVALUE
    CACHE 1;


--
-- Name: user_sessions_id_seq; Type: SEQUENCE OWNED BY; Schema: public; Owner: -
--

ALTER SEQUENCE public.user_sessions_id_seq OWNED BY public.user_sessions.id;


--
-- Name: users; Type: TABLE; Schema: public; Owner: -
--

CREATE TABLE public.users (
    id bigint NOT NULL,
    email character varying,
    name character varying,
    password_digest character varying,
    created_at timestamp without time zone NOT NULL,
    updated_at timestamp without time zone NOT NULL
);


--
-- Name: users_id_seq; Type: SEQUENCE; Schema: public; Owner: -
--

CREATE SEQUENCE public.users_id_seq
    START WITH 1
    INCREMENT BY 1
    NO MINVALUE
    NO MAXVALUE
    CACHE 1;


--
-- Name: users_id_seq; Type: SEQUENCE OWNED BY; Schema: public; Owner: -
--

ALTER SEQUENCE public.users_id_seq OWNED BY public.users.id;


--
-- Name: workout_exercises; Type: TABLE; Schema: public; Owner: -
--

CREATE TABLE public.workout_exercises (
    id bigint NOT NULL,
    workout_id integer,
    exercise_id integer,
    reps integer,
    set integer,
    "order" integer,
    created_at timestamp without time zone NOT NULL,
    updated_at timestamp without time zone NOT NULL
);


--
-- Name: workout_exercises_id_seq; Type: SEQUENCE; Schema: public; Owner: -
--

CREATE SEQUENCE public.workout_exercises_id_seq
    START WITH 1
    INCREMENT BY 1
    NO MINVALUE
    NO MAXVALUE
    CACHE 1;


--
-- Name: workout_exercises_id_seq; Type: SEQUENCE OWNED BY; Schema: public; Owner: -
--

ALTER SEQUENCE public.workout_exercises_id_seq OWNED BY public.workout_exercises.id;


--
-- Name: workouts; Type: TABLE; Schema: public; Owner: -
--

CREATE TABLE public.workouts (
    id bigint NOT NULL,
    component character varying,
    name character varying,
    created_at timestamp without time zone NOT NULL,
    updated_at timestamp without time zone NOT NULL
);


--
-- Name: workouts_id_seq; Type: SEQUENCE; Schema: public; Owner: -
--

CREATE SEQUENCE public.workouts_id_seq
    START WITH 1
    INCREMENT BY 1
    NO MINVALUE
    NO MAXVALUE
    CACHE 1;


--
-- Name: workouts_id_seq; Type: SEQUENCE OWNED BY; Schema: public; Owner: -
--

ALTER SEQUENCE public.workouts_id_seq OWNED BY public.workouts.id;


--
-- Name: exercises id; Type: DEFAULT; Schema: public; Owner: -
--

ALTER TABLE ONLY public.exercises ALTER COLUMN id SET DEFAULT nextval('public.exercises_id_seq'::regclass);


--
-- Name: session_workouts id; Type: DEFAULT; Schema: public; Owner: -
--

ALTER TABLE ONLY public.session_workouts ALTER COLUMN id SET DEFAULT nextval('public.session_workouts_id_seq'::regclass);


--
-- Name: sessions id; Type: DEFAULT; Schema: public; Owner: -
--

ALTER TABLE ONLY public.sessions ALTER COLUMN id SET DEFAULT nextval('public.sessions_id_seq'::regclass);


--
-- Name: user_session_workout_exercises id; Type: DEFAULT; Schema: public; Owner: -
--

ALTER TABLE ONLY public.user_session_workout_exercises ALTER COLUMN id SET DEFAULT nextval('public.user_session_workout_exercises_id_seq'::regclass);


--
-- Name: user_sessions id; Type: DEFAULT; Schema: public; Owner: -
--

ALTER TABLE ONLY public.user_sessions ALTER COLUMN id SET DEFAULT nextval('public.user_sessions_id_seq'::regclass);


--
-- Name: users id; Type: DEFAULT; Schema: public; Owner: -
--

ALTER TABLE ONLY public.users ALTER COLUMN id SET DEFAULT nextval('public.users_id_seq'::regclass);


--
-- Name: workout_exercises id; Type: DEFAULT; Schema: public; Owner: -
--

ALTER TABLE ONLY public.workout_exercises ALTER COLUMN id SET DEFAULT nextval('public.workout_exercises_id_seq'::regclass);


--
-- Name: workouts id; Type: DEFAULT; Schema: public; Owner: -
--

ALTER TABLE ONLY public.workouts ALTER COLUMN id SET DEFAULT nextval('public.workouts_id_seq'::regclass);


--
-- Data for Name: ar_internal_metadata; Type: TABLE DATA; Schema: public; Owner: -
--

COPY public.ar_internal_metadata (key, value, created_at, updated_at) FROM stdin;
environment	development	2019-02-25 16:53:47.946589	2019-02-25 16:53:47.946589
\.


--
-- Data for Name: exercises; Type: TABLE DATA; Schema: public; Owner: -
--

COPY public.exercises (id, name, description, category, gif_url, bi, created_at, updated_at) FROM stdin;
263	Overhead Rotational Squat - 1 Arm Kettlebell	Poop	rep_weight	\N	t	2019-02-26 15:05:13.908603	2019-02-26 15:05:13.908603
264	Lateral Pillar Bridge to Row w/ Hip Flexion	Bloop	rep_weight	\N	t	2019-02-26 15:05:13.914711	2019-02-26 15:05:13.914711
270	Trigger Point - Arch/Plantar Fascia		rep_null	\N	t	2019-02-26 15:05:13.941276	2019-02-26 15:05:13.941276
271	Inverted Hamstring		rep_null	\N	t	2019-02-26 15:05:13.947033	2019-02-26 15:05:13.947033
272	Knee Hug		rep_null	\N	t	2019-02-26 15:05:13.951914	2019-02-26 15:05:13.951914
273	Reverse Lunge - Forearm to Instep with Rotation		rep_null	\N	t	2019-02-26 15:05:13.954591	2019-02-26 15:05:13.954591
274	Lateral Lunge		rep_null	\N	t	2019-02-26 15:05:13.959812	2019-02-26 15:05:13.959812
275	Pillar March - Linear		rep_null	\N	t	2019-02-26 15:05:13.96457	2019-02-26 15:05:13.96457
276	Pillar March - Skip		rep_null	\N	t	2019-02-26 15:05:13.9703	2019-02-26 15:05:13.9703
277	Drop Squat - 2 Foot to 1 Foot		rep_null	\N	t	2019-02-26 15:05:13.978792	2019-02-26 15:05:13.978792
278	Linear Hurdle Hop - Countermovement		rep_null	\N	t	2019-02-26 15:05:13.986522	2019-02-26 15:05:13.986522
279	Lateral Bound - Stabilize (Miniband)		rep_null	\N	t	2019-02-26 15:05:13.994043	2019-02-26 15:05:13.994043
280	Bench Press, Alternating DB w/ Leg Lowering		rep_weight	\N	t	2019-02-26 15:05:14.001328	2019-02-26 15:05:14.001328
281	Sliding Overhead Press		rep_null	\N	t	2019-02-26 15:05:14.009295	2019-02-26 15:05:14.009295
282	RDL to Row - 1 Arm, 1 Leg (cable)		rep_weight	\N	t	2019-02-26 15:05:14.016933	2019-02-26 15:05:14.016933
283	Inverted Hamstring Stretch w/ Rotation		rep_null	\N	t	2019-02-26 15:05:14.024496	2019-02-26 15:05:14.024496
285	Trigger Point - Thoracic Spine		rep_null	\N	t	2019-02-26 15:05:14.040096	2019-02-26 15:05:14.040096
286	Split Squat - 1 Arm		rep_weight	\N	t	2019-02-26 15:05:14.047782	2019-02-26 15:05:14.047782
287	Quad Hip Flexor Stretch - Half Kneeling		rep_null	\N	t	2019-02-26 15:05:14.053256	2019-02-26 15:05:14.053256
288	Stability Chop - Half Kneeling (cable)		rep_weight	\N	t	2019-02-26 15:05:14.061072	2019-02-26 15:05:14.061072
289	Dynamic Pillar Bridge (TRX)		rep_null	\N	t	2019-02-26 15:05:14.068912	2019-02-26 15:05:14.068912
290	Kettlebell Shoulder Press w/ Lateral Flexion		rep_weight	\N	t	2019-02-26 15:05:14.076485	2019-02-26 15:05:14.076485
284	Pull-up, 3 Point Isometric Holds		duration	\N	f	2019-02-26 15:05:14.032582	2019-02-26 15:05:14.032582
265	Deep Squat to Hamstring Stretch	Shoop	rep_null	\N	f	2019-02-26 15:05:13.917779	2019-02-26 15:05:13.917779
266	Foam Roll - Glutes	Roll your booty over the Foam roller for the indicated time.	duration	\N	t	2019-02-26 15:05:13.922749	2019-02-26 15:05:13.922749
268	Foam Roll - Quadriceps	Roll the front of your leg over the foam roller. 	duration	\N	t	2019-02-26 15:05:13.933389	2019-02-26 15:05:13.933389
269	Foam Roll - Latissimus Dorsi	Roll your lats over the foam roller, slightly behind your ribs.	duration	\N	t	2019-02-26 15:05:13.935942	2019-02-26 15:05:13.935942
267	Foam Roll - IT Band	<ol><li>Lie on your side supporting your weight on your forearm with a foam roll under your outer thigh.</li> \n<li>Glide your body over the foam roll from your hip to just above the outside of your knee, spending more time rolling over any sore spots.</li><li>Continue for the remainder of the set before repeating with the opposite leg.</li></ol>	duration	https://media1.popsugar-assets.com/files/thumbor/yPmvrDN76u4VyNRFU42FfAT7TDY/fit-in/2048xorig/filters:format_auto-!!-:strip_icc-!!-/2017/03/31/836/n/1922729/6fd4b6f6f2e73316_IT-band.gif	t	2019-02-26 15:05:13.928505	2019-02-26 15:05:13.928505
291	ESD Machine - Hard		speed	\N	f	2019-02-26 15:05:14.084497	2019-02-26 15:05:14.084497
292	ESD Machine - Medium		speed	\N	f	2019-02-26 15:05:14.092203	2019-02-26 15:05:14.092203
293	Miniband Walking - Linear, Bent-Knee	Croop	rep_null	<NULL>	t	2019-02-26 21:09:40.423889	2019-02-26 21:09:40.423889
\.


--
-- Data for Name: schema_migrations; Type: TABLE DATA; Schema: public; Owner: -
--

COPY public.schema_migrations (version) FROM stdin;
20190221224954
20190221225002
20190221225026
20190221225555
20190221225623
20190222191949
20190222192046
20190224033231
\.


--
-- Data for Name: session_workouts; Type: TABLE DATA; Schema: public; Owner: -
--

COPY public.session_workouts (id, session_id, workout_id, "order", created_at, updated_at) FROM stdin;
66	1321	210	1	2019-02-26 15:05:13.839106	2019-02-26 15:05:13.839106
67	1321	211	2	2019-02-26 15:05:13.851139	2019-02-26 15:05:13.851139
68	1321	212	3	2019-02-26 15:05:13.859274	2019-02-26 15:05:13.859274
69	1321	214	4	2019-02-26 15:05:13.866346	2019-02-26 15:05:13.866346
70	1321	215	5	2019-02-26 15:05:13.874073	2019-02-26 15:05:13.874073
71	1321	216	6	2019-02-26 15:05:13.881542	2019-02-26 15:05:13.881542
72	1321	217	7	2019-02-26 15:05:13.889379	2019-02-26 15:05:13.889379
73	1321	218	8	2019-02-26 15:05:13.896957	2019-02-26 15:05:13.896957
74	1322	229	1	2019-02-26 21:05:11.720065	2019-02-26 21:05:11.720065
75	1322	230	2	2019-02-26 21:05:25.5665	2019-02-26 21:05:25.5665
76	1322	231	3	2019-02-26 21:05:40.003818	2019-02-26 21:05:40.003818
77	1322	232	4	2019-02-26 21:05:56.19521	2019-02-26 21:05:56.19521
78	1322	233	5	2019-02-26 21:06:24.388233	2019-02-26 21:06:24.388233
\.


--
-- Data for Name: sessions; Type: TABLE DATA; Schema: public; Owner: -
--

COPY public.sessions (id, day, name, created_at, updated_at) FROM stdin;
1321	1	Foundational Power A, Session 1	2019-02-26 15:05:13.057043	2019-02-26 15:05:13.057043
1322	2	Movement Day	2019-02-26 15:05:13.062337	2019-02-26 15:05:13.062337
1323	3	Foundational Power B, Session 1	2019-02-26 15:05:13.067965	2019-02-26 15:05:13.067965
1324	4	Movement Day	2019-02-26 15:05:13.07112	2019-02-26 15:05:13.07112
1325	5	Foundational Power A, Session 2	2019-02-26 15:05:13.075305	2019-02-26 15:05:13.075305
1326	6	Regeneration Day	2019-02-26 15:05:13.080734	2019-02-26 15:05:13.080734
1327	7	Foundational Power B, Session 2	2019-02-26 15:05:13.088366	2019-02-26 15:05:13.088366
1328	8	Movement Day	2019-02-26 15:05:13.096405	2019-02-26 15:05:13.096405
1329	9	Foundational Power A, Session 3	2019-02-26 15:05:13.104668	2019-02-26 15:05:13.104668
1330	10	Movement Day	2019-02-26 15:05:13.110616	2019-02-26 15:05:13.110616
1331	11	Foundational Power A, Session 3	2019-02-26 15:05:13.118024	2019-02-26 15:05:13.118024
1332	12	Regeneration Day	2019-02-26 15:05:13.125431	2019-02-26 15:05:13.125431
1333	13	Power 1A, Session 1	2019-02-26 15:05:13.133242	2019-02-26 15:05:13.133242
1334	14	Movement Day	2019-02-26 15:05:13.140638	2019-02-26 15:05:13.140638
1335	15	Power 1B, Session 1	2019-02-26 15:05:13.148079	2019-02-26 15:05:13.148079
1336	16	Movement Day	2019-02-26 15:05:13.155994	2019-02-26 15:05:13.155994
1337	17	Power 1C, Session 1	2019-02-26 15:05:13.163443	2019-02-26 15:05:13.163443
1338	18	Regeneration Day	2019-02-26 15:05:13.171688	2019-02-26 15:05:13.171688
1339	19	Power 1A, Session 2	2019-02-26 15:05:13.177489	2019-02-26 15:05:13.177489
1340	20	Movement Day	2019-02-26 15:05:13.183376	2019-02-26 15:05:13.183376
1341	21	Power 1B, Session 2	2019-02-26 15:05:13.191214	2019-02-26 15:05:13.191214
1342	22	Movement Day	2019-02-26 15:05:13.196081	2019-02-26 15:05:13.196081
1343	23	Power 1C, Session 2	2019-02-26 15:05:13.203753	2019-02-26 15:05:13.203753
1344	24	Regeneration Day	2019-02-26 15:05:13.211202	2019-02-26 15:05:13.211202
1345	25	Power 1A, Session 3	2019-02-26 15:05:13.218946	2019-02-26 15:05:13.218946
1346	26	Movement Day	2019-02-26 15:05:13.224024	2019-02-26 15:05:13.224024
1347	27	Power 1B, Session 3	2019-02-26 15:05:13.232495	2019-02-26 15:05:13.232495
1348	28	Movement Day	2019-02-26 15:05:13.23963	2019-02-26 15:05:13.23963
1349	29	Power 1C, Session 3	2019-02-26 15:05:13.247386	2019-02-26 15:05:13.247386
1350	30	Regeneration Day	2019-02-26 15:05:13.255134	2019-02-26 15:05:13.255134
1351	31	Foundational Power A, Session 1	2019-02-26 15:05:13.262601	2019-02-26 15:05:13.262601
1352	32	Movement Day	2019-02-26 15:05:13.270196	2019-02-26 15:05:13.270196
1353	33	Foundational Power B, Session 1	2019-02-26 15:05:13.278017	2019-02-26 15:05:13.278017
1354	34	Movement Day	2019-02-26 15:05:13.285373	2019-02-26 15:05:13.285373
1355	35	Foundational Power A, Session 2	2019-02-26 15:05:13.293698	2019-02-26 15:05:13.293698
1356	36	Regeneration Day	2019-02-26 15:05:13.301617	2019-02-26 15:05:13.301617
1357	37	Foundational Power B, Session 2	2019-02-26 15:05:13.308213	2019-02-26 15:05:13.308213
1358	38	Movement Day	2019-02-26 15:05:13.315954	2019-02-26 15:05:13.315954
1359	39	Foundational Power A, Session 3	2019-02-26 15:05:13.324186	2019-02-26 15:05:13.324186
1360	40	Movement Day	2019-02-26 15:05:13.331784	2019-02-26 15:05:13.331784
1361	41	Foundational Power A, Session 3	2019-02-26 15:05:13.338259	2019-02-26 15:05:13.338259
1362	42	Regeneration Day	2019-02-26 15:05:13.343916	2019-02-26 15:05:13.343916
1363	43	Power 2A, Session 1	2019-02-26 15:05:13.347589	2019-02-26 15:05:13.347589
1364	44	Movement Day	2019-02-26 15:05:13.353751	2019-02-26 15:05:13.353751
1365	45	Power 2B, Session 1	2019-02-26 15:05:13.359206	2019-02-26 15:05:13.359206
1366	46	Movement Day	2019-02-26 15:05:13.364214	2019-02-26 15:05:13.364214
1367	47	Power 2C, Session 1	2019-02-26 15:05:13.369472	2019-02-26 15:05:13.369472
1368	48	Regeneration Day	2019-02-26 15:05:13.374263	2019-02-26 15:05:13.374263
1369	49	Power 2A, Session 2	2019-02-26 15:05:13.378892	2019-02-26 15:05:13.378892
1370	50	Movement Day	2019-02-26 15:05:13.384481	2019-02-26 15:05:13.384481
1371	51	Power 2B, Session 2	2019-02-26 15:05:13.389432	2019-02-26 15:05:13.389432
1372	52	Movement Day	2019-02-26 15:05:13.394227	2019-02-26 15:05:13.394227
1373	53	Power 2C, Session 2	2019-02-26 15:05:13.399189	2019-02-26 15:05:13.399189
1374	54	Regeneration Day	2019-02-26 15:05:13.404245	2019-02-26 15:05:13.404245
1375	55	Power 2A, Session 3	2019-02-26 15:05:13.409444	2019-02-26 15:05:13.409444
1376	56	Movement Day	2019-02-26 15:05:13.414194	2019-02-26 15:05:13.414194
1377	57	Power 2B, Session 3	2019-02-26 15:05:13.419122	2019-02-26 15:05:13.419122
1378	58	Movement Day	2019-02-26 15:05:13.424311	2019-02-26 15:05:13.424311
1379	59	Power 2C, Session 3	2019-02-26 15:05:13.426887	2019-02-26 15:05:13.426887
1380	60	Regeneration Day	2019-02-26 15:05:13.431725	2019-02-26 15:05:13.431725
1381	61	Foundational Power A, Session 1	2019-02-26 15:05:13.436535	2019-02-26 15:05:13.436535
1382	62	Movement Day	2019-02-26 15:05:13.44137	2019-02-26 15:05:13.44137
1383	63	Foundational Power B, Session 1	2019-02-26 15:05:13.448279	2019-02-26 15:05:13.448279
1384	64	Movement Day	2019-02-26 15:05:13.452957	2019-02-26 15:05:13.452957
1385	65	Foundational Power A, Session 2	2019-02-26 15:05:13.458406	2019-02-26 15:05:13.458406
1386	66	Regeneration Day	2019-02-26 15:05:13.463473	2019-02-26 15:05:13.463473
1387	67	Foundational Power B, Session 2	2019-02-26 15:05:13.468877	2019-02-26 15:05:13.468877
1388	68	Movement Day	2019-02-26 15:05:13.474297	2019-02-26 15:05:13.474297
1389	69	Foundational Power A, Session 3	2019-02-26 15:05:13.479292	2019-02-26 15:05:13.479292
1390	70	Movement Day	2019-02-26 15:05:13.484118	2019-02-26 15:05:13.484118
1391	71	Foundational Power A, Session 3	2019-02-26 15:05:13.491749	2019-02-26 15:05:13.491749
1392	72	Regeneration Day	2019-02-26 15:05:13.494572	2019-02-26 15:05:13.494572
1393	73	Power 3A, Session 1	2019-02-26 15:05:13.496989	2019-02-26 15:05:13.496989
1394	74	Movement Day	2019-02-26 15:05:13.499405	2019-02-26 15:05:13.499405
1395	75	Power 3B, Session 1	2019-02-26 15:05:13.501749	2019-02-26 15:05:13.501749
1396	76	Movement Day	2019-02-26 15:05:13.506784	2019-02-26 15:05:13.506784
1397	77	Power 3C, Session 1	2019-02-26 15:05:13.510216	2019-02-26 15:05:13.510216
1398	78	Regeneration Day	2019-02-26 15:05:13.515044	2019-02-26 15:05:13.515044
1399	79	Power 3A, Session 2	2019-02-26 15:05:13.517364	2019-02-26 15:05:13.517364
1400	80	Movement Day	2019-02-26 15:05:13.522235	2019-02-26 15:05:13.522235
1401	81	Power 3B, Session 2	2019-02-26 15:05:13.527042	2019-02-26 15:05:13.527042
1402	82	Movement Day	2019-02-26 15:05:13.532331	2019-02-26 15:05:13.532331
1403	83	Power 3C, Session 2	2019-02-26 15:05:13.537658	2019-02-26 15:05:13.537658
1404	84	Regeneration Day	2019-02-26 15:05:13.542787	2019-02-26 15:05:13.542787
1405	85	Power 3A, Session 3	2019-02-26 15:05:13.548524	2019-02-26 15:05:13.548524
1406	86	Movement Day	2019-02-26 15:05:13.553338	2019-02-26 15:05:13.553338
1407	87	Power 3B, Session 3	2019-02-26 15:05:13.558465	2019-02-26 15:05:13.558465
1408	88	Movement Day	2019-02-26 15:05:13.560842	2019-02-26 15:05:13.560842
1409	89	Power 3C, Session 3	2019-02-26 15:05:13.56325	2019-02-26 15:05:13.56325
1410	90	Regeneration Day	2019-02-26 15:05:13.565544	2019-02-26 15:05:13.565544
1411	91	Foundational Power A, Session 1	2019-02-26 15:05:13.571037	2019-02-26 15:05:13.571037
1412	92	Movement Day	2019-02-26 15:05:13.575871	2019-02-26 15:05:13.575871
1413	93	Foundational Power B, Session 1	2019-02-26 15:05:13.578127	2019-02-26 15:05:13.578127
1414	94	Movement Day	2019-02-26 15:05:13.582787	2019-02-26 15:05:13.582787
1415	95	Foundational Power A, Session 2	2019-02-26 15:05:13.585104	2019-02-26 15:05:13.585104
1416	96	Regeneration Day	2019-02-26 15:05:13.590007	2019-02-26 15:05:13.590007
1417	97	Foundational Power B, Session 2	2019-02-26 15:05:13.595155	2019-02-26 15:05:13.595155
1418	98	Movement Day	2019-02-26 15:05:13.599967	2019-02-26 15:05:13.599967
1419	99	Foundational Power A, Session 3	2019-02-26 15:05:13.604907	2019-02-26 15:05:13.604907
1420	100	Movement Day	2019-02-26 15:05:13.609579	2019-02-26 15:05:13.609579
1421	101	Foundational Power A, Session 3	2019-02-26 15:05:13.614521	2019-02-26 15:05:13.614521
1422	102	Regeneration Day	2019-02-26 15:05:13.61945	2019-02-26 15:05:13.61945
1423	103	Power 4A, Session 1	2019-02-26 15:05:13.621797	2019-02-26 15:05:13.621797
1424	104	Movement Day	2019-02-26 15:05:13.626597	2019-02-26 15:05:13.626597
1425	105	Power 4B, Session 1	2019-02-26 15:05:13.633731	2019-02-26 15:05:13.633731
1426	106	Movement Day	2019-02-26 15:05:13.638924	2019-02-26 15:05:13.638924
1427	107	Power 4C, Session 1	2019-02-26 15:05:13.643956	2019-02-26 15:05:13.643956
1428	108	Regeneration Day	2019-02-26 15:05:13.649267	2019-02-26 15:05:13.649267
1429	109	Power 4A, Session 2	2019-02-26 15:05:13.654018	2019-02-26 15:05:13.654018
1430	110	Movement Day	2019-02-26 15:05:13.659121	2019-02-26 15:05:13.659121
1431	111	Power 4B, Session 2	2019-02-26 15:05:13.663812	2019-02-26 15:05:13.663812
1432	112	Movement Day	2019-02-26 15:05:13.669067	2019-02-26 15:05:13.669067
1433	113	Power 4C, Session 2	2019-02-26 15:05:13.676097	2019-02-26 15:05:13.676097
1434	114	Regeneration Day	2019-02-26 15:05:13.680882	2019-02-26 15:05:13.680882
1435	115	Power 4A, Session 3	2019-02-26 15:05:13.685949	2019-02-26 15:05:13.685949
1436	116	Movement Day	2019-02-26 15:05:13.691392	2019-02-26 15:05:13.691392
1437	117	Power 4B, Session 3	2019-02-26 15:05:13.697294	2019-02-26 15:05:13.697294
1438	118	Movement Day	2019-02-26 15:05:13.702734	2019-02-26 15:05:13.702734
1439	119	Power 4C, Session 3	2019-02-26 15:05:13.708282	2019-02-26 15:05:13.708282
1440	120	Regeneration Day	2019-02-26 15:05:13.713147	2019-02-26 15:05:13.713147
\.


--
-- Data for Name: user_session_workout_exercises; Type: TABLE DATA; Schema: public; Owner: -
--

COPY public.user_session_workout_exercises (id, user_session_id, session_workout_id, workout_exercise_id, input, flag, note, created_at, updated_at) FROM stdin;
109	12	71	119	60	\N	\N	2019-03-07 19:24:20.373142	2019-03-07 22:58:12.663674
114	12	69	110	70	\N	\N	2019-03-07 21:54:59.813902	2019-07-27 20:31:38.742228
110	12	72	121	500	\N	\N	2019-03-07 19:26:05.055032	2019-07-27 20:31:55.11788
116	12	70	115	30	\N	\N	2019-03-07 23:12:42.342925	2019-03-07 23:35:21.429956
108	12	72	123	1000	\N	\N	2019-03-07 19:20:23.074144	2019-03-08 15:10:27.324094
111	12	72	121	2345	\N	\N	2019-03-07 19:26:23.652421	2019-03-07 19:26:24.6386
112	660	69	110	30	\N	\N	2019-03-07 21:32:55.6973	2019-03-07 21:32:55.749593
113	12	70	113	45	\N	\N	2019-03-07 21:44:27.063227	2019-03-14 20:57:14.501292
115	12	69	112	70	\N	\N	2019-03-07 22:14:34.898736	2019-03-14 20:57:17.411869
\.


--
-- Data for Name: user_sessions; Type: TABLE DATA; Schema: public; Owner: -
--

COPY public.user_sessions (id, user_id, session_id, completed, created_at, updated_at) FROM stdin;
45	23	1354	f	2019-02-26 21:32:01.033016	2019-02-26 21:32:01.033016
15	23	1324	f	2019-02-26 21:11:54.019336	2019-02-26 21:11:54.019336
16	23	1325	f	2019-02-26 21:14:31.797663	2019-02-26 21:14:31.797663
46	23	1355	f	2019-02-26 21:32:26.37726	2019-02-26 21:32:26.37726
17	23	1326	f	2019-02-26 21:15:58.533922	2019-02-26 21:15:58.533922
18	23	1327	f	2019-02-26 21:16:30.855558	2019-02-26 21:16:30.855558
47	23	1356	f	2019-02-26 21:32:38.551032	2019-02-26 21:32:38.551032
19	23	1328	f	2019-02-26 21:16:51.283437	2019-02-26 21:16:51.283437
20	23	1329	f	2019-02-26 21:25:22.477677	2019-02-26 21:25:22.477677
48	23	1357	f	2019-02-26 21:32:57.570303	2019-02-26 21:32:57.570303
21	23	1330	f	2019-02-26 21:25:45.691098	2019-02-26 21:25:45.691098
22	23	1331	f	2019-02-26 21:26:07.958258	2019-02-26 21:26:07.958258
49	23	1358	f	2019-02-26 21:33:14.124447	2019-02-26 21:33:14.124447
23	23	1332	f	2019-02-26 21:26:26.593114	2019-02-26 21:26:26.593114
24	23	1333	f	2019-02-26 21:26:51.790084	2019-02-26 21:26:51.790084
25	23	1334	f	2019-02-26 21:27:05.975325	2019-02-26 21:27:05.975325
26	23	1335	f	2019-02-26 21:27:15.651319	2019-02-26 21:27:15.651319
27	23	1336	f	2019-02-26 21:27:54.810623	2019-02-26 21:27:54.810623
28	23	1337	f	2019-02-26 21:28:05.611595	2019-02-26 21:28:05.611595
29	23	1338	f	2019-02-26 21:28:21.724268	2019-02-26 21:28:21.724268
30	23	1339	f	2019-02-26 21:28:32.278214	2019-02-26 21:28:32.278214
31	23	1340	f	2019-02-26 21:28:43.71288	2019-02-26 21:28:43.71288
32	23	1341	f	2019-02-26 21:28:52.996545	2019-02-26 21:28:52.996545
33	23	1342	f	2019-02-26 21:29:02.987772	2019-02-26 21:29:02.987772
34	23	1343	f	2019-02-26 21:29:12.929526	2019-02-26 21:29:12.929526
35	23	1344	f	2019-02-26 21:29:39.405199	2019-02-26 21:29:39.405199
12	23	1321	t	2019-02-26 15:05:13.731373	2019-05-22 16:59:24.002754
36	23	1345	f	2019-02-26 21:29:51.213517	2019-02-26 21:29:51.213517
37	23	1346	f	2019-02-26 21:30:01.562493	2019-02-26 21:30:01.562493
13	23	1322	t	2019-02-26 21:07:27.810889	2019-07-27 20:45:56.086044
38	23	1347	f	2019-02-26 21:30:13.52498	2019-02-26 21:30:13.52498
39	23	1348	f	2019-02-26 21:30:26.010215	2019-02-26 21:30:26.010215
50	23	1359	f	2019-02-26 21:34:35.704004	2019-02-26 21:34:35.704004
40	23	1349	f	2019-02-26 21:30:47.936747	2019-02-26 21:30:47.936747
41	23	1350	f	2019-02-26 21:30:58.920481	2019-02-26 21:30:58.920481
51	23	1360	f	2019-02-26 21:34:52.358259	2019-02-26 21:34:52.358259
42	23	1351	f	2019-02-26 21:31:14.887661	2019-02-26 21:31:14.887661
43	23	1352	f	2019-02-26 21:31:28.425884	2019-02-26 21:31:28.425884
52	23	1361	f	2019-02-26 21:35:37.574858	2019-02-26 21:35:37.574858
44	23	1353	f	2019-02-26 21:31:49.531209	2019-02-26 21:31:49.531209
53	23	1362	f	2019-02-26 21:35:50.353787	2019-02-26 21:35:50.353787
54	23	1363	f	2019-02-26 21:36:04.118623	2019-02-26 21:36:04.118623
55	23	1364	f	2019-02-26 21:36:29.366868	2019-02-26 21:36:29.366868
56	23	1365	f	2019-02-26 21:36:45.515967	2019-02-26 21:36:45.515967
57	23	1366	f	2019-02-26 21:37:00.209497	2019-02-26 21:37:00.209497
58	23	1367	f	2019-02-26 21:37:26.756354	2019-02-26 21:37:26.756354
59	23	1368	f	2019-02-26 21:37:44.467975	2019-02-26 21:37:44.467975
14	23	1323	f	2019-02-26 21:10:45.107275	2019-02-26 21:10:45.107275
60	30	1321	\N	2019-03-07 16:23:39.645046	2019-03-07 16:23:39.645046
61	30	1322	\N	2019-03-07 16:23:39.652505	2019-03-07 16:23:39.652505
62	30	1323	\N	2019-03-07 16:23:39.661308	2019-03-07 16:23:39.661308
63	30	1324	\N	2019-03-07 16:23:39.669899	2019-03-07 16:23:39.669899
64	30	1325	\N	2019-03-07 16:23:39.678223	2019-03-07 16:23:39.678223
65	30	1326	\N	2019-03-07 16:23:39.685344	2019-03-07 16:23:39.685344
66	30	1327	\N	2019-03-07 16:23:39.693147	2019-03-07 16:23:39.693147
67	30	1328	\N	2019-03-07 16:23:39.700518	2019-03-07 16:23:39.700518
68	30	1329	\N	2019-03-07 16:23:39.708065	2019-03-07 16:23:39.708065
69	30	1330	\N	2019-03-07 16:23:39.718876	2019-03-07 16:23:39.718876
70	30	1331	\N	2019-03-07 16:23:39.729654	2019-03-07 16:23:39.729654
71	30	1332	\N	2019-03-07 16:23:39.738072	2019-03-07 16:23:39.738072
72	30	1333	\N	2019-03-07 16:23:39.746085	2019-03-07 16:23:39.746085
73	30	1334	\N	2019-03-07 16:23:39.754211	2019-03-07 16:23:39.754211
74	30	1335	\N	2019-03-07 16:23:39.760402	2019-03-07 16:23:39.760402
75	30	1336	\N	2019-03-07 16:23:39.765309	2019-03-07 16:23:39.765309
76	30	1337	\N	2019-03-07 16:23:39.772099	2019-03-07 16:23:39.772099
77	30	1338	\N	2019-03-07 16:23:39.779854	2019-03-07 16:23:39.779854
78	30	1339	\N	2019-03-07 16:23:39.786466	2019-03-07 16:23:39.786466
79	30	1340	\N	2019-03-07 16:23:39.793484	2019-03-07 16:23:39.793484
80	30	1341	\N	2019-03-07 16:23:39.800414	2019-03-07 16:23:39.800414
81	30	1342	\N	2019-03-07 16:23:39.807309	2019-03-07 16:23:39.807309
82	30	1343	\N	2019-03-07 16:23:39.815026	2019-03-07 16:23:39.815026
83	30	1344	\N	2019-03-07 16:23:39.822024	2019-03-07 16:23:39.822024
84	30	1345	\N	2019-03-07 16:23:39.829365	2019-03-07 16:23:39.829365
85	30	1346	\N	2019-03-07 16:23:39.836099	2019-03-07 16:23:39.836099
86	30	1347	\N	2019-03-07 16:23:39.842493	2019-03-07 16:23:39.842493
87	30	1348	\N	2019-03-07 16:23:39.849293	2019-03-07 16:23:39.849293
88	30	1349	\N	2019-03-07 16:23:39.855386	2019-03-07 16:23:39.855386
89	30	1350	\N	2019-03-07 16:23:39.861536	2019-03-07 16:23:39.861536
90	30	1351	\N	2019-03-07 16:23:39.868952	2019-03-07 16:23:39.868952
91	30	1352	\N	2019-03-07 16:23:39.874375	2019-03-07 16:23:39.874375
92	30	1353	\N	2019-03-07 16:23:39.88125	2019-03-07 16:23:39.88125
93	30	1354	\N	2019-03-07 16:23:39.887955	2019-03-07 16:23:39.887955
94	30	1355	\N	2019-03-07 16:23:39.895674	2019-03-07 16:23:39.895674
95	30	1356	\N	2019-03-07 16:23:39.902127	2019-03-07 16:23:39.902127
96	30	1357	\N	2019-03-07 16:23:39.909871	2019-03-07 16:23:39.909871
97	30	1358	\N	2019-03-07 16:23:39.917305	2019-03-07 16:23:39.917305
98	30	1359	\N	2019-03-07 16:23:39.925029	2019-03-07 16:23:39.925029
99	30	1360	\N	2019-03-07 16:23:39.931694	2019-03-07 16:23:39.931694
100	30	1361	\N	2019-03-07 16:23:39.93868	2019-03-07 16:23:39.93868
101	30	1362	\N	2019-03-07 16:23:39.950075	2019-03-07 16:23:39.950075
102	30	1363	\N	2019-03-07 16:23:39.962265	2019-03-07 16:23:39.962265
103	30	1364	\N	2019-03-07 16:23:39.974467	2019-03-07 16:23:39.974467
104	30	1365	\N	2019-03-07 16:23:39.986825	2019-03-07 16:23:39.986825
105	30	1366	\N	2019-03-07 16:23:40.000144	2019-03-07 16:23:40.000144
106	30	1367	\N	2019-03-07 16:23:40.012152	2019-03-07 16:23:40.012152
107	30	1368	\N	2019-03-07 16:23:40.023183	2019-03-07 16:23:40.023183
108	30	1369	\N	2019-03-07 16:23:40.03794	2019-03-07 16:23:40.03794
109	30	1370	\N	2019-03-07 16:23:40.049426	2019-03-07 16:23:40.049426
110	30	1371	\N	2019-03-07 16:23:40.060067	2019-03-07 16:23:40.060067
111	30	1372	\N	2019-03-07 16:23:40.070573	2019-03-07 16:23:40.070573
112	30	1373	\N	2019-03-07 16:23:40.081014	2019-03-07 16:23:40.081014
113	30	1374	\N	2019-03-07 16:23:40.09112	2019-03-07 16:23:40.09112
114	30	1375	\N	2019-03-07 16:23:40.098876	2019-03-07 16:23:40.098876
115	30	1376	\N	2019-03-07 16:23:40.106418	2019-03-07 16:23:40.106418
116	30	1377	\N	2019-03-07 16:23:40.113727	2019-03-07 16:23:40.113727
117	30	1378	\N	2019-03-07 16:23:40.120565	2019-03-07 16:23:40.120565
118	30	1379	\N	2019-03-07 16:23:40.127929	2019-03-07 16:23:40.127929
119	30	1380	\N	2019-03-07 16:23:40.13448	2019-03-07 16:23:40.13448
120	30	1381	\N	2019-03-07 16:23:40.14143	2019-03-07 16:23:40.14143
121	30	1382	\N	2019-03-07 16:23:40.148311	2019-03-07 16:23:40.148311
122	30	1383	\N	2019-03-07 16:23:40.155058	2019-03-07 16:23:40.155058
123	30	1384	\N	2019-03-07 16:23:40.161763	2019-03-07 16:23:40.161763
124	30	1385	\N	2019-03-07 16:23:40.168478	2019-03-07 16:23:40.168478
125	30	1386	\N	2019-03-07 16:23:40.175187	2019-03-07 16:23:40.175187
126	30	1387	\N	2019-03-07 16:23:40.182242	2019-03-07 16:23:40.182242
127	30	1388	\N	2019-03-07 16:23:40.189076	2019-03-07 16:23:40.189076
128	30	1389	\N	2019-03-07 16:23:40.195659	2019-03-07 16:23:40.195659
129	30	1390	\N	2019-03-07 16:23:40.202512	2019-03-07 16:23:40.202512
130	30	1391	\N	2019-03-07 16:23:40.209345	2019-03-07 16:23:40.209345
131	30	1392	\N	2019-03-07 16:23:40.21594	2019-03-07 16:23:40.21594
132	30	1393	\N	2019-03-07 16:23:40.223684	2019-03-07 16:23:40.223684
133	30	1394	\N	2019-03-07 16:23:40.230589	2019-03-07 16:23:40.230589
134	30	1395	\N	2019-03-07 16:23:40.238264	2019-03-07 16:23:40.238264
135	30	1396	\N	2019-03-07 16:23:40.244909	2019-03-07 16:23:40.244909
136	30	1397	\N	2019-03-07 16:23:40.251487	2019-03-07 16:23:40.251487
137	30	1398	\N	2019-03-07 16:23:40.258674	2019-03-07 16:23:40.258674
138	30	1399	\N	2019-03-07 16:23:40.265371	2019-03-07 16:23:40.265371
139	30	1400	\N	2019-03-07 16:23:40.273798	2019-03-07 16:23:40.273798
140	30	1401	\N	2019-03-07 16:23:40.28196	2019-03-07 16:23:40.28196
141	30	1402	\N	2019-03-07 16:23:40.289698	2019-03-07 16:23:40.289698
142	30	1403	\N	2019-03-07 16:23:40.297767	2019-03-07 16:23:40.297767
143	30	1404	\N	2019-03-07 16:23:40.305192	2019-03-07 16:23:40.305192
144	30	1405	\N	2019-03-07 16:23:40.312668	2019-03-07 16:23:40.312668
145	30	1406	\N	2019-03-07 16:23:40.319788	2019-03-07 16:23:40.319788
146	30	1407	\N	2019-03-07 16:23:40.326951	2019-03-07 16:23:40.326951
147	30	1408	\N	2019-03-07 16:23:40.331461	2019-03-07 16:23:40.331461
148	30	1409	\N	2019-03-07 16:23:40.3383	2019-03-07 16:23:40.3383
149	30	1410	\N	2019-03-07 16:23:40.345019	2019-03-07 16:23:40.345019
150	30	1411	\N	2019-03-07 16:23:40.351754	2019-03-07 16:23:40.351754
151	30	1412	\N	2019-03-07 16:23:40.36058	2019-03-07 16:23:40.36058
152	30	1413	\N	2019-03-07 16:23:40.368042	2019-03-07 16:23:40.368042
153	30	1414	\N	2019-03-07 16:23:40.37529	2019-03-07 16:23:40.37529
154	30	1415	\N	2019-03-07 16:23:40.382155	2019-03-07 16:23:40.382155
155	30	1416	\N	2019-03-07 16:23:40.389233	2019-03-07 16:23:40.389233
156	30	1417	\N	2019-03-07 16:23:40.396303	2019-03-07 16:23:40.396303
157	30	1418	\N	2019-03-07 16:23:40.403212	2019-03-07 16:23:40.403212
158	30	1419	\N	2019-03-07 16:23:40.411143	2019-03-07 16:23:40.411143
159	30	1420	\N	2019-03-07 16:23:40.421852	2019-03-07 16:23:40.421852
160	30	1421	\N	2019-03-07 16:23:40.429341	2019-03-07 16:23:40.429341
161	30	1422	\N	2019-03-07 16:23:40.436456	2019-03-07 16:23:40.436456
162	30	1423	\N	2019-03-07 16:23:40.443888	2019-03-07 16:23:40.443888
163	30	1424	\N	2019-03-07 16:23:40.449817	2019-03-07 16:23:40.449817
164	30	1425	\N	2019-03-07 16:23:40.456847	2019-03-07 16:23:40.456847
165	30	1426	\N	2019-03-07 16:23:40.466579	2019-03-07 16:23:40.466579
166	30	1427	\N	2019-03-07 16:23:40.477439	2019-03-07 16:23:40.477439
167	30	1428	\N	2019-03-07 16:23:40.4879	2019-03-07 16:23:40.4879
168	30	1429	\N	2019-03-07 16:23:40.496372	2019-03-07 16:23:40.496372
169	30	1430	\N	2019-03-07 16:23:40.503741	2019-03-07 16:23:40.503741
170	30	1431	\N	2019-03-07 16:23:40.511219	2019-03-07 16:23:40.511219
171	30	1432	\N	2019-03-07 16:23:40.518416	2019-03-07 16:23:40.518416
172	30	1433	\N	2019-03-07 16:23:40.525451	2019-03-07 16:23:40.525451
173	30	1434	\N	2019-03-07 16:23:40.532693	2019-03-07 16:23:40.532693
174	30	1435	\N	2019-03-07 16:23:40.539998	2019-03-07 16:23:40.539998
175	30	1436	\N	2019-03-07 16:23:40.547177	2019-03-07 16:23:40.547177
176	30	1437	\N	2019-03-07 16:23:40.554395	2019-03-07 16:23:40.554395
177	30	1438	\N	2019-03-07 16:23:40.563012	2019-03-07 16:23:40.563012
178	30	1439	\N	2019-03-07 16:23:40.569776	2019-03-07 16:23:40.569776
179	30	1440	\N	2019-03-07 16:23:40.576762	2019-03-07 16:23:40.576762
180	31	1321	\N	2019-03-07 16:26:35.241474	2019-03-07 16:26:35.241474
181	31	1322	\N	2019-03-07 16:26:35.249937	2019-03-07 16:26:35.249937
182	31	1323	\N	2019-03-07 16:26:35.257932	2019-03-07 16:26:35.257932
183	31	1324	\N	2019-03-07 16:26:35.270357	2019-03-07 16:26:35.270357
184	31	1325	\N	2019-03-07 16:26:35.278375	2019-03-07 16:26:35.278375
185	31	1326	\N	2019-03-07 16:26:35.286164	2019-03-07 16:26:35.286164
186	31	1327	\N	2019-03-07 16:26:35.293962	2019-03-07 16:26:35.293962
187	31	1328	\N	2019-03-07 16:26:35.301424	2019-03-07 16:26:35.301424
188	31	1329	\N	2019-03-07 16:26:35.306236	2019-03-07 16:26:35.306236
189	31	1330	\N	2019-03-07 16:26:35.31398	2019-03-07 16:26:35.31398
190	31	1331	\N	2019-03-07 16:26:35.321895	2019-03-07 16:26:35.321895
191	31	1332	\N	2019-03-07 16:26:35.329704	2019-03-07 16:26:35.329704
192	31	1333	\N	2019-03-07 16:26:35.337636	2019-03-07 16:26:35.337636
193	31	1334	\N	2019-03-07 16:26:35.344597	2019-03-07 16:26:35.344597
194	31	1335	\N	2019-03-07 16:26:35.352103	2019-03-07 16:26:35.352103
195	31	1336	\N	2019-03-07 16:26:35.361164	2019-03-07 16:26:35.361164
196	31	1337	\N	2019-03-07 16:26:35.369233	2019-03-07 16:26:35.369233
197	31	1338	\N	2019-03-07 16:26:35.377128	2019-03-07 16:26:35.377128
198	31	1339	\N	2019-03-07 16:26:35.385236	2019-03-07 16:26:35.385236
199	31	1340	\N	2019-03-07 16:26:35.393306	2019-03-07 16:26:35.393306
200	31	1341	\N	2019-03-07 16:26:35.401012	2019-03-07 16:26:35.401012
201	31	1342	\N	2019-03-07 16:26:35.408299	2019-03-07 16:26:35.408299
202	31	1343	\N	2019-03-07 16:26:35.415458	2019-03-07 16:26:35.415458
203	31	1344	\N	2019-03-07 16:26:35.422515	2019-03-07 16:26:35.422515
204	31	1345	\N	2019-03-07 16:26:35.430534	2019-03-07 16:26:35.430534
205	31	1346	\N	2019-03-07 16:26:35.438207	2019-03-07 16:26:35.438207
206	31	1347	\N	2019-03-07 16:26:35.445421	2019-03-07 16:26:35.445421
207	31	1348	\N	2019-03-07 16:26:35.45412	2019-03-07 16:26:35.45412
208	31	1349	\N	2019-03-07 16:26:35.462238	2019-03-07 16:26:35.462238
209	31	1350	\N	2019-03-07 16:26:35.466629	2019-03-07 16:26:35.466629
210	31	1351	\N	2019-03-07 16:26:35.473412	2019-03-07 16:26:35.473412
211	31	1352	\N	2019-03-07 16:26:35.481677	2019-03-07 16:26:35.481677
212	31	1353	\N	2019-03-07 16:26:35.48935	2019-03-07 16:26:35.48935
213	31	1354	\N	2019-03-07 16:26:35.497572	2019-03-07 16:26:35.497572
214	31	1355	\N	2019-03-07 16:26:35.505747	2019-03-07 16:26:35.505747
215	31	1356	\N	2019-03-07 16:26:35.512996	2019-03-07 16:26:35.512996
216	31	1357	\N	2019-03-07 16:26:35.520755	2019-03-07 16:26:35.520755
217	31	1358	\N	2019-03-07 16:26:35.528434	2019-03-07 16:26:35.528434
218	31	1359	\N	2019-03-07 16:26:35.536554	2019-03-07 16:26:35.536554
219	31	1360	\N	2019-03-07 16:26:35.54457	2019-03-07 16:26:35.54457
220	31	1361	\N	2019-03-07 16:26:35.553159	2019-03-07 16:26:35.553159
221	31	1362	\N	2019-03-07 16:26:35.560888	2019-03-07 16:26:35.560888
222	31	1363	\N	2019-03-07 16:26:35.567684	2019-03-07 16:26:35.567684
223	31	1364	\N	2019-03-07 16:26:35.573167	2019-03-07 16:26:35.573167
224	31	1365	\N	2019-03-07 16:26:35.580289	2019-03-07 16:26:35.580289
225	31	1366	\N	2019-03-07 16:26:35.584329	2019-03-07 16:26:35.584329
226	31	1367	\N	2019-03-07 16:26:35.592209	2019-03-07 16:26:35.592209
227	31	1368	\N	2019-03-07 16:26:35.599911	2019-03-07 16:26:35.599911
228	31	1369	\N	2019-03-07 16:26:35.607685	2019-03-07 16:26:35.607685
229	31	1370	\N	2019-03-07 16:26:35.615819	2019-03-07 16:26:35.615819
230	31	1371	\N	2019-03-07 16:26:35.625855	2019-03-07 16:26:35.625855
231	31	1372	\N	2019-03-07 16:26:35.634141	2019-03-07 16:26:35.634141
232	31	1373	\N	2019-03-07 16:26:35.641624	2019-03-07 16:26:35.641624
233	31	1374	\N	2019-03-07 16:26:35.648575	2019-03-07 16:26:35.648575
234	31	1375	\N	2019-03-07 16:26:35.655519	2019-03-07 16:26:35.655519
235	31	1376	\N	2019-03-07 16:26:35.66378	2019-03-07 16:26:35.66378
236	31	1377	\N	2019-03-07 16:26:35.668474	2019-03-07 16:26:35.668474
237	31	1378	\N	2019-03-07 16:26:35.676291	2019-03-07 16:26:35.676291
238	31	1379	\N	2019-03-07 16:26:35.683246	2019-03-07 16:26:35.683246
239	31	1380	\N	2019-03-07 16:26:35.687962	2019-03-07 16:26:35.687962
240	31	1381	\N	2019-03-07 16:26:35.694724	2019-03-07 16:26:35.694724
241	31	1382	\N	2019-03-07 16:26:35.702384	2019-03-07 16:26:35.702384
242	31	1383	\N	2019-03-07 16:26:35.710586	2019-03-07 16:26:35.710586
243	31	1384	\N	2019-03-07 16:26:35.718537	2019-03-07 16:26:35.718537
244	31	1385	\N	2019-03-07 16:26:35.725845	2019-03-07 16:26:35.725845
245	31	1386	\N	2019-03-07 16:26:35.734118	2019-03-07 16:26:35.734118
246	31	1387	\N	2019-03-07 16:26:35.742431	2019-03-07 16:26:35.742431
247	31	1388	\N	2019-03-07 16:26:35.748029	2019-03-07 16:26:35.748029
248	31	1389	\N	2019-03-07 16:26:35.755455	2019-03-07 16:26:35.755455
249	31	1390	\N	2019-03-07 16:26:35.763148	2019-03-07 16:26:35.763148
250	31	1391	\N	2019-03-07 16:26:35.770986	2019-03-07 16:26:35.770986
251	31	1392	\N	2019-03-07 16:26:35.778994	2019-03-07 16:26:35.778994
252	31	1393	\N	2019-03-07 16:26:35.786541	2019-03-07 16:26:35.786541
253	31	1394	\N	2019-03-07 16:26:35.793646	2019-03-07 16:26:35.793646
254	31	1395	\N	2019-03-07 16:26:35.800826	2019-03-07 16:26:35.800826
255	31	1396	\N	2019-03-07 16:26:35.807452	2019-03-07 16:26:35.807452
256	31	1397	\N	2019-03-07 16:26:35.814163	2019-03-07 16:26:35.814163
257	31	1398	\N	2019-03-07 16:26:35.820991	2019-03-07 16:26:35.820991
258	31	1399	\N	2019-03-07 16:26:35.828188	2019-03-07 16:26:35.828188
259	31	1400	\N	2019-03-07 16:26:35.834956	2019-03-07 16:26:35.834956
260	31	1401	\N	2019-03-07 16:26:35.841771	2019-03-07 16:26:35.841771
261	31	1402	\N	2019-03-07 16:26:35.853958	2019-03-07 16:26:35.853958
262	31	1403	\N	2019-03-07 16:26:35.860953	2019-03-07 16:26:35.860953
263	31	1404	\N	2019-03-07 16:26:35.865811	2019-03-07 16:26:35.865811
264	31	1405	\N	2019-03-07 16:26:35.872587	2019-03-07 16:26:35.872587
265	31	1406	\N	2019-03-07 16:26:35.879891	2019-03-07 16:26:35.879891
266	31	1407	\N	2019-03-07 16:26:35.886789	2019-03-07 16:26:35.886789
267	31	1408	\N	2019-03-07 16:26:35.893873	2019-03-07 16:26:35.893873
268	31	1409	\N	2019-03-07 16:26:35.90087	2019-03-07 16:26:35.90087
269	31	1410	\N	2019-03-07 16:26:35.90795	2019-03-07 16:26:35.90795
270	31	1411	\N	2019-03-07 16:26:35.915253	2019-03-07 16:26:35.915253
271	31	1412	\N	2019-03-07 16:26:35.922071	2019-03-07 16:26:35.922071
272	31	1413	\N	2019-03-07 16:26:35.930179	2019-03-07 16:26:35.930179
273	31	1414	\N	2019-03-07 16:26:35.937662	2019-03-07 16:26:35.937662
274	31	1415	\N	2019-03-07 16:26:35.948813	2019-03-07 16:26:35.948813
275	31	1416	\N	2019-03-07 16:26:35.955654	2019-03-07 16:26:35.955654
276	31	1417	\N	2019-03-07 16:26:35.9632	2019-03-07 16:26:35.9632
277	31	1418	\N	2019-03-07 16:26:35.969896	2019-03-07 16:26:35.969896
278	31	1419	\N	2019-03-07 16:26:35.977233	2019-03-07 16:26:35.977233
279	31	1420	\N	2019-03-07 16:26:35.98169	2019-03-07 16:26:35.98169
280	31	1421	\N	2019-03-07 16:26:35.988979	2019-03-07 16:26:35.988979
281	31	1422	\N	2019-03-07 16:26:35.996334	2019-03-07 16:26:35.996334
282	31	1423	\N	2019-03-07 16:26:36.003628	2019-03-07 16:26:36.003628
283	31	1424	\N	2019-03-07 16:26:36.010671	2019-03-07 16:26:36.010671
284	31	1425	\N	2019-03-07 16:26:36.018154	2019-03-07 16:26:36.018154
285	31	1426	\N	2019-03-07 16:26:36.025072	2019-03-07 16:26:36.025072
286	31	1427	\N	2019-03-07 16:26:36.032811	2019-03-07 16:26:36.032811
287	31	1428	\N	2019-03-07 16:26:36.041426	2019-03-07 16:26:36.041426
288	31	1429	\N	2019-03-07 16:26:36.048561	2019-03-07 16:26:36.048561
289	31	1430	\N	2019-03-07 16:26:36.055666	2019-03-07 16:26:36.055666
290	31	1431	\N	2019-03-07 16:26:36.062493	2019-03-07 16:26:36.062493
291	31	1432	\N	2019-03-07 16:26:36.069651	2019-03-07 16:26:36.069651
292	31	1433	\N	2019-03-07 16:26:36.076138	2019-03-07 16:26:36.076138
293	31	1434	\N	2019-03-07 16:26:36.081813	2019-03-07 16:26:36.081813
294	31	1435	\N	2019-03-07 16:26:36.088505	2019-03-07 16:26:36.088505
295	31	1436	\N	2019-03-07 16:26:36.095542	2019-03-07 16:26:36.095542
296	31	1437	\N	2019-03-07 16:26:36.099941	2019-03-07 16:26:36.099941
297	31	1438	\N	2019-03-07 16:26:36.107147	2019-03-07 16:26:36.107147
298	31	1439	\N	2019-03-07 16:26:36.111209	2019-03-07 16:26:36.111209
299	31	1440	\N	2019-03-07 16:26:36.118224	2019-03-07 16:26:36.118224
300	32	1321	\N	2019-03-07 16:28:20.042745	2019-03-07 16:28:20.042745
301	32	1322	\N	2019-03-07 16:28:20.051557	2019-03-07 16:28:20.051557
302	32	1323	\N	2019-03-07 16:28:20.060079	2019-03-07 16:28:20.060079
303	32	1324	\N	2019-03-07 16:28:20.067347	2019-03-07 16:28:20.067347
304	32	1325	\N	2019-03-07 16:28:20.072599	2019-03-07 16:28:20.072599
305	32	1326	\N	2019-03-07 16:28:20.08038	2019-03-07 16:28:20.08038
306	32	1327	\N	2019-03-07 16:28:20.08767	2019-03-07 16:28:20.08767
307	32	1328	\N	2019-03-07 16:28:20.094857	2019-03-07 16:28:20.094857
308	32	1329	\N	2019-03-07 16:28:20.103764	2019-03-07 16:28:20.103764
309	32	1330	\N	2019-03-07 16:28:20.112164	2019-03-07 16:28:20.112164
310	32	1331	\N	2019-03-07 16:28:20.117726	2019-03-07 16:28:20.117726
311	32	1332	\N	2019-03-07 16:28:20.125229	2019-03-07 16:28:20.125229
312	32	1333	\N	2019-03-07 16:28:20.133405	2019-03-07 16:28:20.133405
313	32	1334	\N	2019-03-07 16:28:20.140267	2019-03-07 16:28:20.140267
314	32	1335	\N	2019-03-07 16:28:20.147957	2019-03-07 16:28:20.147957
315	32	1336	\N	2019-03-07 16:28:20.155277	2019-03-07 16:28:20.155277
316	32	1337	\N	2019-03-07 16:28:20.16229	2019-03-07 16:28:20.16229
317	32	1338	\N	2019-03-07 16:28:20.169762	2019-03-07 16:28:20.169762
318	32	1339	\N	2019-03-07 16:28:20.177599	2019-03-07 16:28:20.177599
319	32	1340	\N	2019-03-07 16:28:20.187726	2019-03-07 16:28:20.187726
320	32	1341	\N	2019-03-07 16:28:20.194044	2019-03-07 16:28:20.194044
321	32	1342	\N	2019-03-07 16:28:20.200983	2019-03-07 16:28:20.200983
322	32	1343	\N	2019-03-07 16:28:20.208289	2019-03-07 16:28:20.208289
323	32	1344	\N	2019-03-07 16:28:20.216557	2019-03-07 16:28:20.216557
324	32	1345	\N	2019-03-07 16:28:20.224107	2019-03-07 16:28:20.224107
325	32	1346	\N	2019-03-07 16:28:20.234722	2019-03-07 16:28:20.234722
326	32	1347	\N	2019-03-07 16:28:20.239341	2019-03-07 16:28:20.239341
327	32	1348	\N	2019-03-07 16:28:20.246723	2019-03-07 16:28:20.246723
328	32	1349	\N	2019-03-07 16:28:20.254096	2019-03-07 16:28:20.254096
329	32	1350	\N	2019-03-07 16:28:20.260961	2019-03-07 16:28:20.260961
330	32	1351	\N	2019-03-07 16:28:20.269075	2019-03-07 16:28:20.269075
331	32	1352	\N	2019-03-07 16:28:20.277447	2019-03-07 16:28:20.277447
332	32	1353	\N	2019-03-07 16:28:20.284915	2019-03-07 16:28:20.284915
333	32	1354	\N	2019-03-07 16:28:20.292346	2019-03-07 16:28:20.292346
334	32	1355	\N	2019-03-07 16:28:20.299951	2019-03-07 16:28:20.299951
335	32	1356	\N	2019-03-07 16:28:20.306914	2019-03-07 16:28:20.306914
336	32	1357	\N	2019-03-07 16:28:20.311926	2019-03-07 16:28:20.311926
337	32	1358	\N	2019-03-07 16:28:20.320212	2019-03-07 16:28:20.320212
338	32	1359	\N	2019-03-07 16:28:20.328356	2019-03-07 16:28:20.328356
339	32	1360	\N	2019-03-07 16:28:20.336441	2019-03-07 16:28:20.336441
340	32	1361	\N	2019-03-07 16:28:20.345156	2019-03-07 16:28:20.345156
341	32	1362	\N	2019-03-07 16:28:20.35323	2019-03-07 16:28:20.35323
342	32	1363	\N	2019-03-07 16:28:20.360575	2019-03-07 16:28:20.360575
343	32	1364	\N	2019-03-07 16:28:20.368431	2019-03-07 16:28:20.368431
344	32	1365	\N	2019-03-07 16:28:20.377204	2019-03-07 16:28:20.377204
345	32	1366	\N	2019-03-07 16:28:20.384107	2019-03-07 16:28:20.384107
346	32	1367	\N	2019-03-07 16:28:20.39614	2019-03-07 16:28:20.39614
347	32	1368	\N	2019-03-07 16:28:20.40597	2019-03-07 16:28:20.40597
348	32	1369	\N	2019-03-07 16:28:20.416036	2019-03-07 16:28:20.416036
349	32	1370	\N	2019-03-07 16:28:20.423243	2019-03-07 16:28:20.423243
350	32	1371	\N	2019-03-07 16:28:20.431837	2019-03-07 16:28:20.431837
351	32	1372	\N	2019-03-07 16:28:20.440238	2019-03-07 16:28:20.440238
352	32	1373	\N	2019-03-07 16:28:20.445038	2019-03-07 16:28:20.445038
353	32	1374	\N	2019-03-07 16:28:20.451971	2019-03-07 16:28:20.451971
354	32	1375	\N	2019-03-07 16:28:20.461408	2019-03-07 16:28:20.461408
355	32	1376	\N	2019-03-07 16:28:20.470698	2019-03-07 16:28:20.470698
356	32	1377	\N	2019-03-07 16:28:20.47934	2019-03-07 16:28:20.47934
357	32	1378	\N	2019-03-07 16:28:20.485469	2019-03-07 16:28:20.485469
358	32	1379	\N	2019-03-07 16:28:20.494574	2019-03-07 16:28:20.494574
359	32	1380	\N	2019-03-07 16:28:20.504354	2019-03-07 16:28:20.504354
360	32	1381	\N	2019-03-07 16:28:20.510862	2019-03-07 16:28:20.510862
361	32	1382	\N	2019-03-07 16:28:20.520322	2019-03-07 16:28:20.520322
362	32	1383	\N	2019-03-07 16:28:20.529085	2019-03-07 16:28:20.529085
363	32	1384	\N	2019-03-07 16:28:20.54457	2019-03-07 16:28:20.54457
364	32	1385	\N	2019-03-07 16:28:20.552866	2019-03-07 16:28:20.552866
365	32	1386	\N	2019-03-07 16:28:20.564143	2019-03-07 16:28:20.564143
366	32	1387	\N	2019-03-07 16:28:20.587479	2019-03-07 16:28:20.587479
367	32	1388	\N	2019-03-07 16:28:20.604565	2019-03-07 16:28:20.604565
368	32	1389	\N	2019-03-07 16:28:20.612824	2019-03-07 16:28:20.612824
369	32	1390	\N	2019-03-07 16:28:20.620831	2019-03-07 16:28:20.620831
370	32	1391	\N	2019-03-07 16:28:20.628785	2019-03-07 16:28:20.628785
371	32	1392	\N	2019-03-07 16:28:20.636088	2019-03-07 16:28:20.636088
372	32	1393	\N	2019-03-07 16:28:20.646934	2019-03-07 16:28:20.646934
373	32	1394	\N	2019-03-07 16:28:20.656668	2019-03-07 16:28:20.656668
374	32	1395	\N	2019-03-07 16:28:20.665175	2019-03-07 16:28:20.665175
375	32	1396	\N	2019-03-07 16:28:20.675097	2019-03-07 16:28:20.675097
376	32	1397	\N	2019-03-07 16:28:20.68068	2019-03-07 16:28:20.68068
377	32	1398	\N	2019-03-07 16:28:20.689185	2019-03-07 16:28:20.689185
378	32	1399	\N	2019-03-07 16:28:20.697746	2019-03-07 16:28:20.697746
379	32	1400	\N	2019-03-07 16:28:20.705704	2019-03-07 16:28:20.705704
380	32	1401	\N	2019-03-07 16:28:20.71471	2019-03-07 16:28:20.71471
381	32	1402	\N	2019-03-07 16:28:20.724019	2019-03-07 16:28:20.724019
382	32	1403	\N	2019-03-07 16:28:20.733191	2019-03-07 16:28:20.733191
383	32	1404	\N	2019-03-07 16:28:20.742087	2019-03-07 16:28:20.742087
384	32	1405	\N	2019-03-07 16:28:20.752607	2019-03-07 16:28:20.752607
385	32	1406	\N	2019-03-07 16:28:20.769373	2019-03-07 16:28:20.769373
386	32	1407	\N	2019-03-07 16:28:20.780978	2019-03-07 16:28:20.780978
387	32	1408	\N	2019-03-07 16:28:20.792026	2019-03-07 16:28:20.792026
388	32	1409	\N	2019-03-07 16:28:20.802736	2019-03-07 16:28:20.802736
389	32	1410	\N	2019-03-07 16:28:20.812146	2019-03-07 16:28:20.812146
390	32	1411	\N	2019-03-07 16:28:20.821401	2019-03-07 16:28:20.821401
391	32	1412	\N	2019-03-07 16:28:20.829837	2019-03-07 16:28:20.829837
392	32	1413	\N	2019-03-07 16:28:20.840206	2019-03-07 16:28:20.840206
393	32	1414	\N	2019-03-07 16:28:20.846832	2019-03-07 16:28:20.846832
394	32	1415	\N	2019-03-07 16:28:20.855121	2019-03-07 16:28:20.855121
395	32	1416	\N	2019-03-07 16:28:20.863973	2019-03-07 16:28:20.863973
396	32	1417	\N	2019-03-07 16:28:20.872616	2019-03-07 16:28:20.872616
397	32	1418	\N	2019-03-07 16:28:20.881641	2019-03-07 16:28:20.881641
398	32	1419	\N	2019-03-07 16:28:20.887015	2019-03-07 16:28:20.887015
399	32	1420	\N	2019-03-07 16:28:20.89587	2019-03-07 16:28:20.89587
400	32	1421	\N	2019-03-07 16:28:20.90591	2019-03-07 16:28:20.90591
401	32	1422	\N	2019-03-07 16:28:20.914638	2019-03-07 16:28:20.914638
402	32	1423	\N	2019-03-07 16:28:20.926692	2019-03-07 16:28:20.926692
403	32	1424	\N	2019-03-07 16:28:20.935249	2019-03-07 16:28:20.935249
404	32	1425	\N	2019-03-07 16:28:20.944681	2019-03-07 16:28:20.944681
405	32	1426	\N	2019-03-07 16:28:20.952638	2019-03-07 16:28:20.952638
406	32	1427	\N	2019-03-07 16:28:20.96115	2019-03-07 16:28:20.96115
407	32	1428	\N	2019-03-07 16:28:20.984552	2019-03-07 16:28:20.984552
408	32	1429	\N	2019-03-07 16:28:20.992295	2019-03-07 16:28:20.992295
409	32	1430	\N	2019-03-07 16:28:20.999709	2019-03-07 16:28:20.999709
410	32	1431	\N	2019-03-07 16:28:21.007187	2019-03-07 16:28:21.007187
411	32	1432	\N	2019-03-07 16:28:21.015321	2019-03-07 16:28:21.015321
412	32	1433	\N	2019-03-07 16:28:21.023298	2019-03-07 16:28:21.023298
413	32	1434	\N	2019-03-07 16:28:21.030803	2019-03-07 16:28:21.030803
414	32	1435	\N	2019-03-07 16:28:21.036035	2019-03-07 16:28:21.036035
415	32	1436	\N	2019-03-07 16:28:21.044576	2019-03-07 16:28:21.044576
416	32	1437	\N	2019-03-07 16:28:21.051783	2019-03-07 16:28:21.051783
417	32	1438	\N	2019-03-07 16:28:21.05918	2019-03-07 16:28:21.05918
418	32	1439	\N	2019-03-07 16:28:21.066336	2019-03-07 16:28:21.066336
419	32	1440	\N	2019-03-07 16:28:21.073659	2019-03-07 16:28:21.073659
420	33	1321	\N	2019-03-07 16:28:52.768037	2019-03-07 16:28:52.768037
421	33	1322	\N	2019-03-07 16:28:52.775723	2019-03-07 16:28:52.775723
422	33	1323	\N	2019-03-07 16:28:52.784003	2019-03-07 16:28:52.784003
423	33	1324	\N	2019-03-07 16:28:52.796643	2019-03-07 16:28:52.796643
424	33	1325	\N	2019-03-07 16:28:52.808379	2019-03-07 16:28:52.808379
425	33	1326	\N	2019-03-07 16:28:52.817332	2019-03-07 16:28:52.817332
426	33	1327	\N	2019-03-07 16:28:52.824952	2019-03-07 16:28:52.824952
427	33	1328	\N	2019-03-07 16:28:52.833719	2019-03-07 16:28:52.833719
428	33	1329	\N	2019-03-07 16:28:52.843045	2019-03-07 16:28:52.843045
429	33	1330	\N	2019-03-07 16:28:52.850026	2019-03-07 16:28:52.850026
430	33	1331	\N	2019-03-07 16:28:52.859062	2019-03-07 16:28:52.859062
431	33	1332	\N	2019-03-07 16:28:52.86722	2019-03-07 16:28:52.86722
432	33	1333	\N	2019-03-07 16:28:52.877698	2019-03-07 16:28:52.877698
433	33	1334	\N	2019-03-07 16:28:52.885959	2019-03-07 16:28:52.885959
434	33	1335	\N	2019-03-07 16:28:52.893494	2019-03-07 16:28:52.893494
435	33	1336	\N	2019-03-07 16:28:52.900516	2019-03-07 16:28:52.900516
436	33	1337	\N	2019-03-07 16:28:52.907927	2019-03-07 16:28:52.907927
437	33	1338	\N	2019-03-07 16:28:52.915514	2019-03-07 16:28:52.915514
438	33	1339	\N	2019-03-07 16:28:52.922874	2019-03-07 16:28:52.922874
439	33	1340	\N	2019-03-07 16:28:52.930327	2019-03-07 16:28:52.930327
440	33	1341	\N	2019-03-07 16:28:52.939043	2019-03-07 16:28:52.939043
441	33	1342	\N	2019-03-07 16:28:52.945942	2019-03-07 16:28:52.945942
442	33	1343	\N	2019-03-07 16:28:52.953259	2019-03-07 16:28:52.953259
443	33	1344	\N	2019-03-07 16:28:52.960236	2019-03-07 16:28:52.960236
444	33	1345	\N	2019-03-07 16:28:52.967868	2019-03-07 16:28:52.967868
445	33	1346	\N	2019-03-07 16:28:52.974642	2019-03-07 16:28:52.974642
446	33	1347	\N	2019-03-07 16:28:52.98059	2019-03-07 16:28:52.98059
447	33	1348	\N	2019-03-07 16:28:52.988791	2019-03-07 16:28:52.988791
448	33	1349	\N	2019-03-07 16:28:52.993591	2019-03-07 16:28:52.993591
449	33	1350	\N	2019-03-07 16:28:52.998915	2019-03-07 16:28:52.998915
450	33	1351	\N	2019-03-07 16:28:53.006233	2019-03-07 16:28:53.006233
451	33	1352	\N	2019-03-07 16:28:53.013417	2019-03-07 16:28:53.013417
452	33	1353	\N	2019-03-07 16:28:53.020958	2019-03-07 16:28:53.020958
453	33	1354	\N	2019-03-07 16:28:53.027711	2019-03-07 16:28:53.027711
454	33	1355	\N	2019-03-07 16:28:53.035578	2019-03-07 16:28:53.035578
455	33	1356	\N	2019-03-07 16:28:53.043064	2019-03-07 16:28:53.043064
456	33	1357	\N	2019-03-07 16:28:53.050411	2019-03-07 16:28:53.050411
457	33	1358	\N	2019-03-07 16:28:53.056667	2019-03-07 16:28:53.056667
458	33	1359	\N	2019-03-07 16:28:53.064214	2019-03-07 16:28:53.064214
459	33	1360	\N	2019-03-07 16:28:53.072556	2019-03-07 16:28:53.072556
460	33	1361	\N	2019-03-07 16:28:53.080286	2019-03-07 16:28:53.080286
461	33	1362	\N	2019-03-07 16:28:53.088551	2019-03-07 16:28:53.088551
462	33	1363	\N	2019-03-07 16:28:53.093127	2019-03-07 16:28:53.093127
463	33	1364	\N	2019-03-07 16:28:53.099646	2019-03-07 16:28:53.099646
464	33	1365	\N	2019-03-07 16:28:53.103736	2019-03-07 16:28:53.103736
465	33	1366	\N	2019-03-07 16:28:53.107565	2019-03-07 16:28:53.107565
466	33	1367	\N	2019-03-07 16:28:53.114803	2019-03-07 16:28:53.114803
467	33	1368	\N	2019-03-07 16:28:53.121847	2019-03-07 16:28:53.121847
468	33	1369	\N	2019-03-07 16:28:53.129389	2019-03-07 16:28:53.129389
469	33	1370	\N	2019-03-07 16:28:53.136118	2019-03-07 16:28:53.136118
470	33	1371	\N	2019-03-07 16:28:53.14361	2019-03-07 16:28:53.14361
471	33	1372	\N	2019-03-07 16:28:53.151212	2019-03-07 16:28:53.151212
472	33	1373	\N	2019-03-07 16:28:53.158791	2019-03-07 16:28:53.158791
473	33	1374	\N	2019-03-07 16:28:53.16844	2019-03-07 16:28:53.16844
474	33	1375	\N	2019-03-07 16:28:53.175854	2019-03-07 16:28:53.175854
475	33	1376	\N	2019-03-07 16:28:53.183496	2019-03-07 16:28:53.183496
476	33	1377	\N	2019-03-07 16:28:53.191004	2019-03-07 16:28:53.191004
477	33	1378	\N	2019-03-07 16:28:53.195617	2019-03-07 16:28:53.195617
478	33	1379	\N	2019-03-07 16:28:53.201102	2019-03-07 16:28:53.201102
479	33	1380	\N	2019-03-07 16:28:53.209808	2019-03-07 16:28:53.209808
480	33	1381	\N	2019-03-07 16:28:53.217893	2019-03-07 16:28:53.217893
481	33	1382	\N	2019-03-07 16:28:53.225196	2019-03-07 16:28:53.225196
482	33	1383	\N	2019-03-07 16:28:53.233144	2019-03-07 16:28:53.233144
483	33	1384	\N	2019-03-07 16:28:53.240126	2019-03-07 16:28:53.240126
484	33	1385	\N	2019-03-07 16:28:53.248582	2019-03-07 16:28:53.248582
485	33	1386	\N	2019-03-07 16:28:53.255431	2019-03-07 16:28:53.255431
486	33	1387	\N	2019-03-07 16:28:53.263199	2019-03-07 16:28:53.263199
487	33	1388	\N	2019-03-07 16:28:53.270612	2019-03-07 16:28:53.270612
488	33	1389	\N	2019-03-07 16:28:53.278656	2019-03-07 16:28:53.278656
489	33	1390	\N	2019-03-07 16:28:53.286393	2019-03-07 16:28:53.286393
490	33	1391	\N	2019-03-07 16:28:53.293488	2019-03-07 16:28:53.293488
491	33	1392	\N	2019-03-07 16:28:53.300327	2019-03-07 16:28:53.300327
492	33	1393	\N	2019-03-07 16:28:53.30816	2019-03-07 16:28:53.30816
493	33	1394	\N	2019-03-07 16:28:53.315583	2019-03-07 16:28:53.315583
494	33	1395	\N	2019-03-07 16:28:53.320953	2019-03-07 16:28:53.320953
495	33	1396	\N	2019-03-07 16:28:53.329132	2019-03-07 16:28:53.329132
496	33	1397	\N	2019-03-07 16:28:53.338271	2019-03-07 16:28:53.338271
497	33	1398	\N	2019-03-07 16:28:53.34577	2019-03-07 16:28:53.34577
498	33	1399	\N	2019-03-07 16:28:53.353115	2019-03-07 16:28:53.353115
499	33	1400	\N	2019-03-07 16:28:53.36033	2019-03-07 16:28:53.36033
500	33	1401	\N	2019-03-07 16:28:53.367537	2019-03-07 16:28:53.367537
501	33	1402	\N	2019-03-07 16:28:53.374892	2019-03-07 16:28:53.374892
502	33	1403	\N	2019-03-07 16:28:53.382927	2019-03-07 16:28:53.382927
503	33	1404	\N	2019-03-07 16:28:53.391974	2019-03-07 16:28:53.391974
504	33	1405	\N	2019-03-07 16:28:53.400668	2019-03-07 16:28:53.400668
505	33	1406	\N	2019-03-07 16:28:53.408615	2019-03-07 16:28:53.408615
506	33	1407	\N	2019-03-07 16:28:53.415517	2019-03-07 16:28:53.415517
507	33	1408	\N	2019-03-07 16:28:53.423384	2019-03-07 16:28:53.423384
508	33	1409	\N	2019-03-07 16:28:53.428258	2019-03-07 16:28:53.428258
509	33	1410	\N	2019-03-07 16:28:53.436173	2019-03-07 16:28:53.436173
510	33	1411	\N	2019-03-07 16:28:53.442329	2019-03-07 16:28:53.442329
511	33	1412	\N	2019-03-07 16:28:53.454327	2019-03-07 16:28:53.454327
512	33	1413	\N	2019-03-07 16:28:53.46302	2019-03-07 16:28:53.46302
513	33	1414	\N	2019-03-07 16:28:53.472099	2019-03-07 16:28:53.472099
514	33	1415	\N	2019-03-07 16:28:53.479725	2019-03-07 16:28:53.479725
515	33	1416	\N	2019-03-07 16:28:53.487117	2019-03-07 16:28:53.487117
516	33	1417	\N	2019-03-07 16:28:53.494755	2019-03-07 16:28:53.494755
517	33	1418	\N	2019-03-07 16:28:53.503491	2019-03-07 16:28:53.503491
518	33	1419	\N	2019-03-07 16:28:53.511832	2019-03-07 16:28:53.511832
519	33	1420	\N	2019-03-07 16:28:53.516659	2019-03-07 16:28:53.516659
520	33	1421	\N	2019-03-07 16:28:53.524248	2019-03-07 16:28:53.524248
521	33	1422	\N	2019-03-07 16:28:53.529702	2019-03-07 16:28:53.529702
522	33	1423	\N	2019-03-07 16:28:53.534122	2019-03-07 16:28:53.534122
523	33	1424	\N	2019-03-07 16:28:53.541691	2019-03-07 16:28:53.541691
524	33	1425	\N	2019-03-07 16:28:53.54982	2019-03-07 16:28:53.54982
525	33	1426	\N	2019-03-07 16:28:53.55747	2019-03-07 16:28:53.55747
526	33	1427	\N	2019-03-07 16:28:53.565536	2019-03-07 16:28:53.565536
527	33	1428	\N	2019-03-07 16:28:53.573028	2019-03-07 16:28:53.573028
528	33	1429	\N	2019-03-07 16:28:53.580675	2019-03-07 16:28:53.580675
529	33	1430	\N	2019-03-07 16:28:53.590756	2019-03-07 16:28:53.590756
530	33	1431	\N	2019-03-07 16:28:53.601026	2019-03-07 16:28:53.601026
531	33	1432	\N	2019-03-07 16:28:53.610382	2019-03-07 16:28:53.610382
532	33	1433	\N	2019-03-07 16:28:53.620158	2019-03-07 16:28:53.620158
533	33	1434	\N	2019-03-07 16:28:53.628571	2019-03-07 16:28:53.628571
534	33	1435	\N	2019-03-07 16:28:53.637787	2019-03-07 16:28:53.637787
535	33	1436	\N	2019-03-07 16:28:53.646715	2019-03-07 16:28:53.646715
536	33	1437	\N	2019-03-07 16:28:53.655347	2019-03-07 16:28:53.655347
537	33	1438	\N	2019-03-07 16:28:53.663563	2019-03-07 16:28:53.663563
538	33	1439	\N	2019-03-07 16:28:53.67292	2019-03-07 16:28:53.67292
539	33	1440	\N	2019-03-07 16:28:53.682805	2019-03-07 16:28:53.682805
540	34	1321	\N	2019-03-07 19:27:14.725787	2019-03-07 19:27:14.725787
541	34	1322	\N	2019-03-07 19:27:14.734345	2019-03-07 19:27:14.734345
542	34	1323	\N	2019-03-07 19:27:14.742866	2019-03-07 19:27:14.742866
543	34	1324	\N	2019-03-07 19:27:14.750296	2019-03-07 19:27:14.750296
544	34	1325	\N	2019-03-07 19:27:14.756668	2019-03-07 19:27:14.756668
545	34	1326	\N	2019-03-07 19:27:14.761783	2019-03-07 19:27:14.761783
546	34	1327	\N	2019-03-07 19:27:14.770654	2019-03-07 19:27:14.770654
547	34	1328	\N	2019-03-07 19:27:14.77967	2019-03-07 19:27:14.77967
548	34	1329	\N	2019-03-07 19:27:14.787783	2019-03-07 19:27:14.787783
549	34	1330	\N	2019-03-07 19:27:14.795379	2019-03-07 19:27:14.795379
550	34	1331	\N	2019-03-07 19:27:14.803567	2019-03-07 19:27:14.803567
551	34	1332	\N	2019-03-07 19:27:14.811266	2019-03-07 19:27:14.811266
552	34	1333	\N	2019-03-07 19:27:14.818657	2019-03-07 19:27:14.818657
553	34	1334	\N	2019-03-07 19:27:14.823382	2019-03-07 19:27:14.823382
554	34	1335	\N	2019-03-07 19:27:14.830811	2019-03-07 19:27:14.830811
555	34	1336	\N	2019-03-07 19:27:14.840768	2019-03-07 19:27:14.840768
556	34	1337	\N	2019-03-07 19:27:14.84837	2019-03-07 19:27:14.84837
557	34	1338	\N	2019-03-07 19:27:14.855549	2019-03-07 19:27:14.855549
558	34	1339	\N	2019-03-07 19:27:14.863185	2019-03-07 19:27:14.863185
559	34	1340	\N	2019-03-07 19:27:14.870326	2019-03-07 19:27:14.870326
560	34	1341	\N	2019-03-07 19:27:14.877075	2019-03-07 19:27:14.877075
561	34	1342	\N	2019-03-07 19:27:14.883137	2019-03-07 19:27:14.883137
562	34	1343	\N	2019-03-07 19:27:14.890529	2019-03-07 19:27:14.890529
563	34	1344	\N	2019-03-07 19:27:14.89738	2019-03-07 19:27:14.89738
564	34	1345	\N	2019-03-07 19:27:14.90419	2019-03-07 19:27:14.90419
565	34	1346	\N	2019-03-07 19:27:14.912279	2019-03-07 19:27:14.912279
566	34	1347	\N	2019-03-07 19:27:14.919011	2019-03-07 19:27:14.919011
567	34	1348	\N	2019-03-07 19:27:14.925855	2019-03-07 19:27:14.925855
568	34	1349	\N	2019-03-07 19:27:14.932865	2019-03-07 19:27:14.932865
569	34	1350	\N	2019-03-07 19:27:14.938589	2019-03-07 19:27:14.938589
570	34	1351	\N	2019-03-07 19:27:14.94501	2019-03-07 19:27:14.94501
571	34	1352	\N	2019-03-07 19:27:14.951834	2019-03-07 19:27:14.951834
572	34	1353	\N	2019-03-07 19:27:14.958907	2019-03-07 19:27:14.958907
573	34	1354	\N	2019-03-07 19:27:14.966161	2019-03-07 19:27:14.966161
574	34	1355	\N	2019-03-07 19:27:14.972825	2019-03-07 19:27:14.972825
575	34	1356	\N	2019-03-07 19:27:14.983976	2019-03-07 19:27:14.983976
576	34	1357	\N	2019-03-07 19:27:14.996742	2019-03-07 19:27:14.996742
577	34	1358	\N	2019-03-07 19:27:15.004814	2019-03-07 19:27:15.004814
578	34	1359	\N	2019-03-07 19:27:15.013866	2019-03-07 19:27:15.013866
579	34	1360	\N	2019-03-07 19:27:15.020527	2019-03-07 19:27:15.020527
580	34	1361	\N	2019-03-07 19:27:15.025421	2019-03-07 19:27:15.025421
581	34	1362	\N	2019-03-07 19:27:15.032784	2019-03-07 19:27:15.032784
582	34	1363	\N	2019-03-07 19:27:15.041206	2019-03-07 19:27:15.041206
583	34	1364	\N	2019-03-07 19:27:15.050214	2019-03-07 19:27:15.050214
584	34	1365	\N	2019-03-07 19:27:15.057217	2019-03-07 19:27:15.057217
585	34	1366	\N	2019-03-07 19:27:15.061921	2019-03-07 19:27:15.061921
586	34	1367	\N	2019-03-07 19:27:15.072377	2019-03-07 19:27:15.072377
587	34	1368	\N	2019-03-07 19:27:15.081127	2019-03-07 19:27:15.081127
588	34	1369	\N	2019-03-07 19:27:15.089073	2019-03-07 19:27:15.089073
589	34	1370	\N	2019-03-07 19:27:15.096417	2019-03-07 19:27:15.096417
590	34	1371	\N	2019-03-07 19:27:15.103566	2019-03-07 19:27:15.103566
591	34	1372	\N	2019-03-07 19:27:15.110293	2019-03-07 19:27:15.110293
592	34	1373	\N	2019-03-07 19:27:15.117921	2019-03-07 19:27:15.117921
593	34	1374	\N	2019-03-07 19:27:15.124783	2019-03-07 19:27:15.124783
594	34	1375	\N	2019-03-07 19:27:15.132434	2019-03-07 19:27:15.132434
595	34	1376	\N	2019-03-07 19:27:15.140147	2019-03-07 19:27:15.140147
596	34	1377	\N	2019-03-07 19:27:15.144024	2019-03-07 19:27:15.144024
597	34	1378	\N	2019-03-07 19:27:15.152723	2019-03-07 19:27:15.152723
598	34	1379	\N	2019-03-07 19:27:15.160356	2019-03-07 19:27:15.160356
599	34	1380	\N	2019-03-07 19:27:15.167192	2019-03-07 19:27:15.167192
600	34	1381	\N	2019-03-07 19:27:15.17389	2019-03-07 19:27:15.17389
601	34	1382	\N	2019-03-07 19:27:15.179452	2019-03-07 19:27:15.179452
602	34	1383	\N	2019-03-07 19:27:15.187405	2019-03-07 19:27:15.187405
603	34	1384	\N	2019-03-07 19:27:15.194348	2019-03-07 19:27:15.194348
604	34	1385	\N	2019-03-07 19:27:15.201229	2019-03-07 19:27:15.201229
605	34	1386	\N	2019-03-07 19:27:15.207621	2019-03-07 19:27:15.207621
606	34	1387	\N	2019-03-07 19:27:15.213984	2019-03-07 19:27:15.213984
607	34	1388	\N	2019-03-07 19:27:15.223726	2019-03-07 19:27:15.223726
608	34	1389	\N	2019-03-07 19:27:15.231797	2019-03-07 19:27:15.231797
609	34	1390	\N	2019-03-07 19:27:15.23942	2019-03-07 19:27:15.23942
610	34	1391	\N	2019-03-07 19:27:15.246877	2019-03-07 19:27:15.246877
611	34	1392	\N	2019-03-07 19:27:15.25336	2019-03-07 19:27:15.25336
612	34	1393	\N	2019-03-07 19:27:15.260017	2019-03-07 19:27:15.260017
613	34	1394	\N	2019-03-07 19:27:15.272444	2019-03-07 19:27:15.272444
614	34	1395	\N	2019-03-07 19:27:15.280079	2019-03-07 19:27:15.280079
615	34	1396	\N	2019-03-07 19:27:15.287051	2019-03-07 19:27:15.287051
616	34	1397	\N	2019-03-07 19:27:15.293823	2019-03-07 19:27:15.293823
617	34	1398	\N	2019-03-07 19:27:15.301241	2019-03-07 19:27:15.301241
618	34	1399	\N	2019-03-07 19:27:15.308691	2019-03-07 19:27:15.308691
619	34	1400	\N	2019-03-07 19:27:15.316371	2019-03-07 19:27:15.316371
620	34	1401	\N	2019-03-07 19:27:15.323335	2019-03-07 19:27:15.323335
621	34	1402	\N	2019-03-07 19:27:15.330074	2019-03-07 19:27:15.330074
622	34	1403	\N	2019-03-07 19:27:15.337577	2019-03-07 19:27:15.337577
623	34	1404	\N	2019-03-07 19:27:15.344447	2019-03-07 19:27:15.344447
624	34	1405	\N	2019-03-07 19:27:15.352783	2019-03-07 19:27:15.352783
625	34	1406	\N	2019-03-07 19:27:15.359158	2019-03-07 19:27:15.359158
626	34	1407	\N	2019-03-07 19:27:15.36533	2019-03-07 19:27:15.36533
627	34	1408	\N	2019-03-07 19:27:15.371995	2019-03-07 19:27:15.371995
628	34	1409	\N	2019-03-07 19:27:15.376801	2019-03-07 19:27:15.376801
629	34	1410	\N	2019-03-07 19:27:15.383382	2019-03-07 19:27:15.383382
630	34	1411	\N	2019-03-07 19:27:15.391866	2019-03-07 19:27:15.391866
631	34	1412	\N	2019-03-07 19:27:15.39827	2019-03-07 19:27:15.39827
632	34	1413	\N	2019-03-07 19:27:15.405083	2019-03-07 19:27:15.405083
633	34	1414	\N	2019-03-07 19:27:15.411623	2019-03-07 19:27:15.411623
634	34	1415	\N	2019-03-07 19:27:15.42356	2019-03-07 19:27:15.42356
635	34	1416	\N	2019-03-07 19:27:15.437056	2019-03-07 19:27:15.437056
636	34	1417	\N	2019-03-07 19:27:15.449269	2019-03-07 19:27:15.449269
637	34	1418	\N	2019-03-07 19:27:15.46121	2019-03-07 19:27:15.46121
638	34	1419	\N	2019-03-07 19:27:15.469519	2019-03-07 19:27:15.469519
639	34	1420	\N	2019-03-07 19:27:15.478564	2019-03-07 19:27:15.478564
640	34	1421	\N	2019-03-07 19:27:15.487447	2019-03-07 19:27:15.487447
641	34	1422	\N	2019-03-07 19:27:15.495935	2019-03-07 19:27:15.495935
642	34	1423	\N	2019-03-07 19:27:15.503906	2019-03-07 19:27:15.503906
643	34	1424	\N	2019-03-07 19:27:15.510608	2019-03-07 19:27:15.510608
644	34	1425	\N	2019-03-07 19:27:15.518373	2019-03-07 19:27:15.518373
645	34	1426	\N	2019-03-07 19:27:15.526396	2019-03-07 19:27:15.526396
646	34	1427	\N	2019-03-07 19:27:15.534588	2019-03-07 19:27:15.534588
647	34	1428	\N	2019-03-07 19:27:15.54232	2019-03-07 19:27:15.54232
648	34	1429	\N	2019-03-07 19:27:15.54981	2019-03-07 19:27:15.54981
649	34	1430	\N	2019-03-07 19:27:15.558128	2019-03-07 19:27:15.558128
650	34	1431	\N	2019-03-07 19:27:15.563145	2019-03-07 19:27:15.563145
651	34	1432	\N	2019-03-07 19:27:15.570382	2019-03-07 19:27:15.570382
652	34	1433	\N	2019-03-07 19:27:15.577374	2019-03-07 19:27:15.577374
653	34	1434	\N	2019-03-07 19:27:15.585333	2019-03-07 19:27:15.585333
654	34	1435	\N	2019-03-07 19:27:15.594065	2019-03-07 19:27:15.594065
655	34	1436	\N	2019-03-07 19:27:15.601619	2019-03-07 19:27:15.601619
656	34	1437	\N	2019-03-07 19:27:15.612381	2019-03-07 19:27:15.612381
657	34	1438	\N	2019-03-07 19:27:15.619253	2019-03-07 19:27:15.619253
658	34	1439	\N	2019-03-07 19:27:15.625666	2019-03-07 19:27:15.625666
659	34	1440	\N	2019-03-07 19:27:15.633219	2019-03-07 19:27:15.633219
660	35	1321	\N	2019-03-07 21:32:12.933795	2019-03-07 21:32:12.933795
661	35	1322	\N	2019-03-07 21:32:12.944379	2019-03-07 21:32:12.944379
662	35	1323	\N	2019-03-07 21:32:12.951658	2019-03-07 21:32:12.951658
663	35	1324	\N	2019-03-07 21:32:12.960404	2019-03-07 21:32:12.960404
664	35	1325	\N	2019-03-07 21:32:12.968471	2019-03-07 21:32:12.968471
665	35	1326	\N	2019-03-07 21:32:12.978236	2019-03-07 21:32:12.978236
666	35	1327	\N	2019-03-07 21:32:12.987455	2019-03-07 21:32:12.987455
667	35	1328	\N	2019-03-07 21:32:12.99674	2019-03-07 21:32:12.99674
668	35	1329	\N	2019-03-07 21:32:13.005989	2019-03-07 21:32:13.005989
669	35	1330	\N	2019-03-07 21:32:13.014428	2019-03-07 21:32:13.014428
670	35	1331	\N	2019-03-07 21:32:13.022596	2019-03-07 21:32:13.022596
671	35	1332	\N	2019-03-07 21:32:13.030685	2019-03-07 21:32:13.030685
672	35	1333	\N	2019-03-07 21:32:13.0374	2019-03-07 21:32:13.0374
673	35	1334	\N	2019-03-07 21:32:13.044717	2019-03-07 21:32:13.044717
674	35	1335	\N	2019-03-07 21:32:13.051997	2019-03-07 21:32:13.051997
675	35	1336	\N	2019-03-07 21:32:13.058766	2019-03-07 21:32:13.058766
676	35	1337	\N	2019-03-07 21:32:13.067702	2019-03-07 21:32:13.067702
677	35	1338	\N	2019-03-07 21:32:13.076433	2019-03-07 21:32:13.076433
678	35	1339	\N	2019-03-07 21:32:13.081454	2019-03-07 21:32:13.081454
679	35	1340	\N	2019-03-07 21:32:13.088682	2019-03-07 21:32:13.088682
680	35	1341	\N	2019-03-07 21:32:13.095034	2019-03-07 21:32:13.095034
681	35	1342	\N	2019-03-07 21:32:13.102112	2019-03-07 21:32:13.102112
682	35	1343	\N	2019-03-07 21:32:13.10996	2019-03-07 21:32:13.10996
683	35	1344	\N	2019-03-07 21:32:13.117396	2019-03-07 21:32:13.117396
684	35	1345	\N	2019-03-07 21:32:13.126119	2019-03-07 21:32:13.126119
685	35	1346	\N	2019-03-07 21:32:13.134725	2019-03-07 21:32:13.134725
686	35	1347	\N	2019-03-07 21:32:13.141601	2019-03-07 21:32:13.141601
687	35	1348	\N	2019-03-07 21:32:13.148954	2019-03-07 21:32:13.148954
688	35	1349	\N	2019-03-07 21:32:13.156359	2019-03-07 21:32:13.156359
689	35	1350	\N	2019-03-07 21:32:13.165317	2019-03-07 21:32:13.165317
690	35	1351	\N	2019-03-07 21:32:13.173284	2019-03-07 21:32:13.173284
691	35	1352	\N	2019-03-07 21:32:13.181079	2019-03-07 21:32:13.181079
692	35	1353	\N	2019-03-07 21:32:13.189928	2019-03-07 21:32:13.189928
693	35	1354	\N	2019-03-07 21:32:13.198423	2019-03-07 21:32:13.198423
694	35	1355	\N	2019-03-07 21:32:13.203637	2019-03-07 21:32:13.203637
695	35	1356	\N	2019-03-07 21:32:13.211912	2019-03-07 21:32:13.211912
696	35	1357	\N	2019-03-07 21:32:13.218142	2019-03-07 21:32:13.218142
697	35	1358	\N	2019-03-07 21:32:13.226219	2019-03-07 21:32:13.226219
698	35	1359	\N	2019-03-07 21:32:13.231133	2019-03-07 21:32:13.231133
699	35	1360	\N	2019-03-07 21:32:13.240035	2019-03-07 21:32:13.240035
700	35	1361	\N	2019-03-07 21:32:13.248118	2019-03-07 21:32:13.248118
701	35	1362	\N	2019-03-07 21:32:13.258611	2019-03-07 21:32:13.258611
702	35	1363	\N	2019-03-07 21:32:13.267002	2019-03-07 21:32:13.267002
703	35	1364	\N	2019-03-07 21:32:13.274442	2019-03-07 21:32:13.274442
704	35	1365	\N	2019-03-07 21:32:13.284184	2019-03-07 21:32:13.284184
705	35	1366	\N	2019-03-07 21:32:13.292139	2019-03-07 21:32:13.292139
706	35	1367	\N	2019-03-07 21:32:13.300061	2019-03-07 21:32:13.300061
707	35	1368	\N	2019-03-07 21:32:13.309405	2019-03-07 21:32:13.309405
708	35	1369	\N	2019-03-07 21:32:13.314245	2019-03-07 21:32:13.314245
709	35	1370	\N	2019-03-07 21:32:13.322598	2019-03-07 21:32:13.322598
710	35	1371	\N	2019-03-07 21:32:13.331927	2019-03-07 21:32:13.331927
711	35	1372	\N	2019-03-07 21:32:13.336986	2019-03-07 21:32:13.336986
712	35	1373	\N	2019-03-07 21:32:13.341443	2019-03-07 21:32:13.341443
713	35	1374	\N	2019-03-07 21:32:13.348363	2019-03-07 21:32:13.348363
714	35	1375	\N	2019-03-07 21:32:13.358108	2019-03-07 21:32:13.358108
715	35	1376	\N	2019-03-07 21:32:13.36629	2019-03-07 21:32:13.36629
716	35	1377	\N	2019-03-07 21:32:13.374442	2019-03-07 21:32:13.374442
717	35	1378	\N	2019-03-07 21:32:13.385031	2019-03-07 21:32:13.385031
718	35	1379	\N	2019-03-07 21:32:13.394062	2019-03-07 21:32:13.394062
719	35	1380	\N	2019-03-07 21:32:13.401151	2019-03-07 21:32:13.401151
720	35	1381	\N	2019-03-07 21:32:13.407899	2019-03-07 21:32:13.407899
721	35	1382	\N	2019-03-07 21:32:13.416947	2019-03-07 21:32:13.416947
722	35	1383	\N	2019-03-07 21:32:13.425278	2019-03-07 21:32:13.425278
723	35	1384	\N	2019-03-07 21:32:13.434343	2019-03-07 21:32:13.434343
724	35	1385	\N	2019-03-07 21:32:13.438971	2019-03-07 21:32:13.438971
725	35	1386	\N	2019-03-07 21:32:13.446998	2019-03-07 21:32:13.446998
726	35	1387	\N	2019-03-07 21:32:13.455539	2019-03-07 21:32:13.455539
727	35	1388	\N	2019-03-07 21:32:13.464434	2019-03-07 21:32:13.464434
728	35	1389	\N	2019-03-07 21:32:13.471065	2019-03-07 21:32:13.471065
729	35	1390	\N	2019-03-07 21:32:13.47933	2019-03-07 21:32:13.47933
730	35	1391	\N	2019-03-07 21:32:13.484185	2019-03-07 21:32:13.484185
731	35	1392	\N	2019-03-07 21:32:13.492931	2019-03-07 21:32:13.492931
732	35	1393	\N	2019-03-07 21:32:13.500913	2019-03-07 21:32:13.500913
733	35	1394	\N	2019-03-07 21:32:13.507792	2019-03-07 21:32:13.507792
734	35	1395	\N	2019-03-07 21:32:13.517048	2019-03-07 21:32:13.517048
735	35	1396	\N	2019-03-07 21:32:13.527044	2019-03-07 21:32:13.527044
736	35	1397	\N	2019-03-07 21:32:13.53631	2019-03-07 21:32:13.53631
737	35	1398	\N	2019-03-07 21:32:13.544942	2019-03-07 21:32:13.544942
738	35	1399	\N	2019-03-07 21:32:13.552197	2019-03-07 21:32:13.552197
739	35	1400	\N	2019-03-07 21:32:13.561064	2019-03-07 21:32:13.561064
740	35	1401	\N	2019-03-07 21:32:13.568455	2019-03-07 21:32:13.568455
741	35	1402	\N	2019-03-07 21:32:13.575591	2019-03-07 21:32:13.575591
742	35	1403	\N	2019-03-07 21:32:13.584461	2019-03-07 21:32:13.584461
743	35	1404	\N	2019-03-07 21:32:13.591339	2019-03-07 21:32:13.591339
744	35	1405	\N	2019-03-07 21:32:13.600557	2019-03-07 21:32:13.600557
745	35	1406	\N	2019-03-07 21:32:13.608871	2019-03-07 21:32:13.608871
746	35	1407	\N	2019-03-07 21:32:13.616698	2019-03-07 21:32:13.616698
747	35	1408	\N	2019-03-07 21:32:13.625772	2019-03-07 21:32:13.625772
748	35	1409	\N	2019-03-07 21:32:13.634171	2019-03-07 21:32:13.634171
749	35	1410	\N	2019-03-07 21:32:13.641267	2019-03-07 21:32:13.641267
750	35	1411	\N	2019-03-07 21:32:13.649479	2019-03-07 21:32:13.649479
751	35	1412	\N	2019-03-07 21:32:13.655787	2019-03-07 21:32:13.655787
752	35	1413	\N	2019-03-07 21:32:13.663389	2019-03-07 21:32:13.663389
753	35	1414	\N	2019-03-07 21:32:13.67002	2019-03-07 21:32:13.67002
754	35	1415	\N	2019-03-07 21:32:13.68048	2019-03-07 21:32:13.68048
755	35	1416	\N	2019-03-07 21:32:13.688205	2019-03-07 21:32:13.688205
756	35	1417	\N	2019-03-07 21:32:13.69923	2019-03-07 21:32:13.69923
757	35	1418	\N	2019-03-07 21:32:13.706282	2019-03-07 21:32:13.706282
758	35	1419	\N	2019-03-07 21:32:13.713014	2019-03-07 21:32:13.713014
759	35	1420	\N	2019-03-07 21:32:13.721625	2019-03-07 21:32:13.721625
760	35	1421	\N	2019-03-07 21:32:13.729889	2019-03-07 21:32:13.729889
761	35	1422	\N	2019-03-07 21:32:13.737917	2019-03-07 21:32:13.737917
762	35	1423	\N	2019-03-07 21:32:13.746084	2019-03-07 21:32:13.746084
763	35	1424	\N	2019-03-07 21:32:13.753753	2019-03-07 21:32:13.753753
764	35	1425	\N	2019-03-07 21:32:13.761746	2019-03-07 21:32:13.761746
765	35	1426	\N	2019-03-07 21:32:13.769283	2019-03-07 21:32:13.769283
766	35	1427	\N	2019-03-07 21:32:13.776921	2019-03-07 21:32:13.776921
767	35	1428	\N	2019-03-07 21:32:13.785627	2019-03-07 21:32:13.785627
768	35	1429	\N	2019-03-07 21:32:13.790283	2019-03-07 21:32:13.790283
769	35	1430	\N	2019-03-07 21:32:13.794929	2019-03-07 21:32:13.794929
770	35	1431	\N	2019-03-07 21:32:13.80362	2019-03-07 21:32:13.80362
771	35	1432	\N	2019-03-07 21:32:13.81165	2019-03-07 21:32:13.81165
772	35	1433	\N	2019-03-07 21:32:13.819182	2019-03-07 21:32:13.819182
773	35	1434	\N	2019-03-07 21:32:13.827987	2019-03-07 21:32:13.827987
774	35	1435	\N	2019-03-07 21:32:13.836192	2019-03-07 21:32:13.836192
775	35	1436	\N	2019-03-07 21:32:13.844311	2019-03-07 21:32:13.844311
776	35	1437	\N	2019-03-07 21:32:13.852041	2019-03-07 21:32:13.852041
777	35	1438	\N	2019-03-07 21:32:13.858694	2019-03-07 21:32:13.858694
778	35	1439	\N	2019-03-07 21:32:13.867057	2019-03-07 21:32:13.867057
779	35	1440	\N	2019-03-07 21:32:13.874172	2019-03-07 21:32:13.874172
781	36	1322	\N	2019-03-07 23:22:35.34946	2019-03-07 23:22:35.34946
782	36	1323	\N	2019-03-07 23:22:35.356303	2019-03-07 23:22:35.356303
783	36	1324	\N	2019-03-07 23:22:35.36457	2019-03-07 23:22:35.36457
784	36	1325	\N	2019-03-07 23:22:35.373137	2019-03-07 23:22:35.373137
785	36	1326	\N	2019-03-07 23:22:35.380167	2019-03-07 23:22:35.380167
786	36	1327	\N	2019-03-07 23:22:35.395215	2019-03-07 23:22:35.395215
787	36	1328	\N	2019-03-07 23:22:35.401827	2019-03-07 23:22:35.401827
788	36	1329	\N	2019-03-07 23:22:35.409113	2019-03-07 23:22:35.409113
789	36	1330	\N	2019-03-07 23:22:35.416802	2019-03-07 23:22:35.416802
790	36	1331	\N	2019-03-07 23:22:35.423543	2019-03-07 23:22:35.423543
791	36	1332	\N	2019-03-07 23:22:35.430425	2019-03-07 23:22:35.430425
792	36	1333	\N	2019-03-07 23:22:35.437159	2019-03-07 23:22:35.437159
793	36	1334	\N	2019-03-07 23:22:35.443656	2019-03-07 23:22:35.443656
794	36	1335	\N	2019-03-07 23:22:35.450503	2019-03-07 23:22:35.450503
795	36	1336	\N	2019-03-07 23:22:35.457317	2019-03-07 23:22:35.457317
796	36	1337	\N	2019-03-07 23:22:35.466438	2019-03-07 23:22:35.466438
797	36	1338	\N	2019-03-07 23:22:35.473443	2019-03-07 23:22:35.473443
798	36	1339	\N	2019-03-07 23:22:35.480057	2019-03-07 23:22:35.480057
799	36	1340	\N	2019-03-07 23:22:35.487233	2019-03-07 23:22:35.487233
800	36	1341	\N	2019-03-07 23:22:35.493434	2019-03-07 23:22:35.493434
801	36	1342	\N	2019-03-07 23:22:35.500689	2019-03-07 23:22:35.500689
802	36	1343	\N	2019-03-07 23:22:35.507458	2019-03-07 23:22:35.507458
803	36	1344	\N	2019-03-07 23:22:35.514919	2019-03-07 23:22:35.514919
804	36	1345	\N	2019-03-07 23:22:35.521505	2019-03-07 23:22:35.521505
805	36	1346	\N	2019-03-07 23:22:35.528823	2019-03-07 23:22:35.528823
806	36	1347	\N	2019-03-07 23:22:35.53608	2019-03-07 23:22:35.53608
807	36	1348	\N	2019-03-07 23:22:35.543869	2019-03-07 23:22:35.543869
808	36	1349	\N	2019-03-07 23:22:35.551602	2019-03-07 23:22:35.551602
809	36	1350	\N	2019-03-07 23:22:35.558223	2019-03-07 23:22:35.558223
810	36	1351	\N	2019-03-07 23:22:35.565937	2019-03-07 23:22:35.565937
811	36	1352	\N	2019-03-07 23:22:35.57277	2019-03-07 23:22:35.57277
812	36	1353	\N	2019-03-07 23:22:35.579589	2019-03-07 23:22:35.579589
813	36	1354	\N	2019-03-07 23:22:35.586005	2019-03-07 23:22:35.586005
814	36	1355	\N	2019-03-07 23:22:35.593176	2019-03-07 23:22:35.593176
815	36	1356	\N	2019-03-07 23:22:35.599918	2019-03-07 23:22:35.599918
816	36	1357	\N	2019-03-07 23:22:35.607032	2019-03-07 23:22:35.607032
817	36	1358	\N	2019-03-07 23:22:35.613622	2019-03-07 23:22:35.613622
818	36	1359	\N	2019-03-07 23:22:35.618708	2019-03-07 23:22:35.618708
819	36	1360	\N	2019-03-07 23:22:35.626324	2019-03-07 23:22:35.626324
820	36	1361	\N	2019-03-07 23:22:35.634647	2019-03-07 23:22:35.634647
821	36	1362	\N	2019-03-07 23:22:35.642852	2019-03-07 23:22:35.642852
822	36	1363	\N	2019-03-07 23:22:35.650976	2019-03-07 23:22:35.650976
823	36	1364	\N	2019-03-07 23:22:35.660426	2019-03-07 23:22:35.660426
824	36	1365	\N	2019-03-07 23:22:35.668391	2019-03-07 23:22:35.668391
825	36	1366	\N	2019-03-07 23:22:35.675036	2019-03-07 23:22:35.675036
826	36	1367	\N	2019-03-07 23:22:35.681457	2019-03-07 23:22:35.681457
827	36	1368	\N	2019-03-07 23:22:35.68856	2019-03-07 23:22:35.68856
828	36	1369	\N	2019-03-07 23:22:35.695521	2019-03-07 23:22:35.695521
829	36	1370	\N	2019-03-07 23:22:35.702424	2019-03-07 23:22:35.702424
830	36	1371	\N	2019-03-07 23:22:35.709927	2019-03-07 23:22:35.709927
831	36	1372	\N	2019-03-07 23:22:35.713819	2019-03-07 23:22:35.713819
832	36	1373	\N	2019-03-07 23:22:35.720262	2019-03-07 23:22:35.720262
833	36	1374	\N	2019-03-07 23:22:35.72738	2019-03-07 23:22:35.72738
834	36	1375	\N	2019-03-07 23:22:35.734294	2019-03-07 23:22:35.734294
835	36	1376	\N	2019-03-07 23:22:35.741184	2019-03-07 23:22:35.741184
836	36	1377	\N	2019-03-07 23:22:35.747548	2019-03-07 23:22:35.747548
837	36	1378	\N	2019-03-07 23:22:35.754672	2019-03-07 23:22:35.754672
838	36	1379	\N	2019-03-07 23:22:35.761515	2019-03-07 23:22:35.761515
839	36	1380	\N	2019-03-07 23:22:35.768638	2019-03-07 23:22:35.768638
840	36	1381	\N	2019-03-07 23:22:35.775347	2019-03-07 23:22:35.775347
841	36	1382	\N	2019-03-07 23:22:35.782192	2019-03-07 23:22:35.782192
842	36	1383	\N	2019-03-07 23:22:35.789471	2019-03-07 23:22:35.789471
843	36	1384	\N	2019-03-07 23:22:35.796344	2019-03-07 23:22:35.796344
844	36	1385	\N	2019-03-07 23:22:35.803085	2019-03-07 23:22:35.803085
845	36	1386	\N	2019-03-07 23:22:35.812928	2019-03-07 23:22:35.812928
846	36	1387	\N	2019-03-07 23:22:35.820333	2019-03-07 23:22:35.820333
847	36	1388	\N	2019-03-07 23:22:35.827251	2019-03-07 23:22:35.827251
848	36	1389	\N	2019-03-07 23:22:35.83475	2019-03-07 23:22:35.83475
849	36	1390	\N	2019-03-07 23:22:35.841573	2019-03-07 23:22:35.841573
850	36	1391	\N	2019-03-07 23:22:35.848264	2019-03-07 23:22:35.848264
851	36	1392	\N	2019-03-07 23:22:35.854394	2019-03-07 23:22:35.854394
852	36	1393	\N	2019-03-07 23:22:35.861204	2019-03-07 23:22:35.861204
853	36	1394	\N	2019-03-07 23:22:35.867578	2019-03-07 23:22:35.867578
854	36	1395	\N	2019-03-07 23:22:35.874654	2019-03-07 23:22:35.874654
855	36	1396	\N	2019-03-07 23:22:35.881083	2019-03-07 23:22:35.881083
856	36	1397	\N	2019-03-07 23:22:35.887805	2019-03-07 23:22:35.887805
857	36	1398	\N	2019-03-07 23:22:35.8942	2019-03-07 23:22:35.8942
858	36	1399	\N	2019-03-07 23:22:35.901609	2019-03-07 23:22:35.901609
859	36	1400	\N	2019-03-07 23:22:35.908032	2019-03-07 23:22:35.908032
860	36	1401	\N	2019-03-07 23:22:35.91561	2019-03-07 23:22:35.91561
861	36	1402	\N	2019-03-07 23:22:35.922859	2019-03-07 23:22:35.922859
862	36	1403	\N	2019-03-07 23:22:35.928602	2019-03-07 23:22:35.928602
863	36	1404	\N	2019-03-07 23:22:35.933233	2019-03-07 23:22:35.933233
864	36	1405	\N	2019-03-07 23:22:35.940227	2019-03-07 23:22:35.940227
865	36	1406	\N	2019-03-07 23:22:35.944086	2019-03-07 23:22:35.944086
866	36	1407	\N	2019-03-07 23:22:35.951026	2019-03-07 23:22:35.951026
867	36	1408	\N	2019-03-07 23:22:35.957727	2019-03-07 23:22:35.957727
868	36	1409	\N	2019-03-07 23:22:35.964303	2019-03-07 23:22:35.964303
869	36	1410	\N	2019-03-07 23:22:35.971527	2019-03-07 23:22:35.971527
870	36	1411	\N	2019-03-07 23:22:35.977963	2019-03-07 23:22:35.977963
871	36	1412	\N	2019-03-07 23:22:35.984802	2019-03-07 23:22:35.984802
872	36	1413	\N	2019-03-07 23:22:35.991729	2019-03-07 23:22:35.991729
873	36	1414	\N	2019-03-07 23:22:35.998787	2019-03-07 23:22:35.998787
874	36	1415	\N	2019-03-07 23:22:36.005826	2019-03-07 23:22:36.005826
875	36	1416	\N	2019-03-07 23:22:36.012791	2019-03-07 23:22:36.012791
876	36	1417	\N	2019-03-07 23:22:36.020324	2019-03-07 23:22:36.020324
877	36	1418	\N	2019-03-07 23:22:36.026928	2019-03-07 23:22:36.026928
878	36	1419	\N	2019-03-07 23:22:36.031697	2019-03-07 23:22:36.031697
879	36	1420	\N	2019-03-07 23:22:36.0358	2019-03-07 23:22:36.0358
880	36	1421	\N	2019-03-07 23:22:36.042405	2019-03-07 23:22:36.042405
881	36	1422	\N	2019-03-07 23:22:36.04754	2019-03-07 23:22:36.04754
882	36	1423	\N	2019-03-07 23:22:36.054097	2019-03-07 23:22:36.054097
883	36	1424	\N	2019-03-07 23:22:36.065488	2019-03-07 23:22:36.065488
884	36	1425	\N	2019-03-07 23:22:36.078128	2019-03-07 23:22:36.078128
885	36	1426	\N	2019-03-07 23:22:36.088384	2019-03-07 23:22:36.088384
886	36	1427	\N	2019-03-07 23:22:36.097038	2019-03-07 23:22:36.097038
887	36	1428	\N	2019-03-07 23:22:36.104836	2019-03-07 23:22:36.104836
888	36	1429	\N	2019-03-07 23:22:36.112405	2019-03-07 23:22:36.112405
889	36	1430	\N	2019-03-07 23:22:36.120499	2019-03-07 23:22:36.120499
890	36	1431	\N	2019-03-07 23:22:36.13162	2019-03-07 23:22:36.13162
891	36	1432	\N	2019-03-07 23:22:36.139268	2019-03-07 23:22:36.139268
892	36	1433	\N	2019-03-07 23:22:36.147111	2019-03-07 23:22:36.147111
893	36	1434	\N	2019-03-07 23:22:36.154927	2019-03-07 23:22:36.154927
894	36	1435	\N	2019-03-07 23:22:36.162262	2019-03-07 23:22:36.162262
895	36	1436	\N	2019-03-07 23:22:36.170167	2019-03-07 23:22:36.170167
896	36	1437	\N	2019-03-07 23:22:36.181888	2019-03-07 23:22:36.181888
897	36	1438	\N	2019-03-07 23:22:36.192479	2019-03-07 23:22:36.192479
898	36	1439	\N	2019-03-07 23:22:36.200028	2019-03-07 23:22:36.200028
899	36	1440	\N	2019-03-07 23:22:36.209595	2019-03-07 23:22:36.209595
780	36	1321	t	2019-03-07 23:22:35.341758	2019-03-07 23:23:10.608634
900	37	1321	\N	2019-03-07 23:37:15.338254	2019-03-07 23:37:15.338254
901	37	1322	\N	2019-03-07 23:37:15.345268	2019-03-07 23:37:15.345268
902	37	1323	\N	2019-03-07 23:37:15.352883	2019-03-07 23:37:15.352883
903	37	1324	\N	2019-03-07 23:37:15.358011	2019-03-07 23:37:15.358011
904	37	1325	\N	2019-03-07 23:37:15.36551	2019-03-07 23:37:15.36551
905	37	1326	\N	2019-03-07 23:37:15.369544	2019-03-07 23:37:15.369544
906	37	1327	\N	2019-03-07 23:37:15.376415	2019-03-07 23:37:15.376415
907	37	1328	\N	2019-03-07 23:37:15.382885	2019-03-07 23:37:15.382885
908	37	1329	\N	2019-03-07 23:37:15.391018	2019-03-07 23:37:15.391018
909	37	1330	\N	2019-03-07 23:37:15.398161	2019-03-07 23:37:15.398161
910	37	1331	\N	2019-03-07 23:37:15.411235	2019-03-07 23:37:15.411235
911	37	1332	\N	2019-03-07 23:37:15.423175	2019-03-07 23:37:15.423175
912	37	1333	\N	2019-03-07 23:37:15.431594	2019-03-07 23:37:15.431594
913	37	1334	\N	2019-03-07 23:37:15.439865	2019-03-07 23:37:15.439865
914	37	1335	\N	2019-03-07 23:37:15.448304	2019-03-07 23:37:15.448304
915	37	1336	\N	2019-03-07 23:37:15.456684	2019-03-07 23:37:15.456684
916	37	1337	\N	2019-03-07 23:37:15.464701	2019-03-07 23:37:15.464701
917	37	1338	\N	2019-03-07 23:37:15.472261	2019-03-07 23:37:15.472261
918	37	1339	\N	2019-03-07 23:37:15.480499	2019-03-07 23:37:15.480499
919	37	1340	\N	2019-03-07 23:37:15.490115	2019-03-07 23:37:15.490115
920	37	1341	\N	2019-03-07 23:37:15.498232	2019-03-07 23:37:15.498232
921	37	1342	\N	2019-03-07 23:37:15.505679	2019-03-07 23:37:15.505679
922	37	1343	\N	2019-03-07 23:37:15.509765	2019-03-07 23:37:15.509765
923	37	1344	\N	2019-03-07 23:37:15.51621	2019-03-07 23:37:15.51621
924	37	1345	\N	2019-03-07 23:37:15.52614	2019-03-07 23:37:15.52614
925	37	1346	\N	2019-03-07 23:37:15.533215	2019-03-07 23:37:15.533215
926	37	1347	\N	2019-03-07 23:37:15.540939	2019-03-07 23:37:15.540939
927	37	1348	\N	2019-03-07 23:37:15.547549	2019-03-07 23:37:15.547549
928	37	1349	\N	2019-03-07 23:37:15.554746	2019-03-07 23:37:15.554746
929	37	1350	\N	2019-03-07 23:37:15.561253	2019-03-07 23:37:15.561253
930	37	1351	\N	2019-03-07 23:37:15.567794	2019-03-07 23:37:15.567794
931	37	1352	\N	2019-03-07 23:37:15.573892	2019-03-07 23:37:15.573892
932	37	1353	\N	2019-03-07 23:37:15.581719	2019-03-07 23:37:15.581719
933	37	1354	\N	2019-03-07 23:37:15.588729	2019-03-07 23:37:15.588729
934	37	1355	\N	2019-03-07 23:37:15.596073	2019-03-07 23:37:15.596073
935	37	1356	\N	2019-03-07 23:37:15.603509	2019-03-07 23:37:15.603509
936	37	1357	\N	2019-03-07 23:37:15.61109	2019-03-07 23:37:15.61109
937	37	1358	\N	2019-03-07 23:37:15.615497	2019-03-07 23:37:15.615497
938	37	1359	\N	2019-03-07 23:37:15.623729	2019-03-07 23:37:15.623729
939	37	1360	\N	2019-03-07 23:37:15.630617	2019-03-07 23:37:15.630617
940	37	1361	\N	2019-03-07 23:37:15.63773	2019-03-07 23:37:15.63773
941	37	1362	\N	2019-03-07 23:37:15.644837	2019-03-07 23:37:15.644837
942	37	1363	\N	2019-03-07 23:37:15.651283	2019-03-07 23:37:15.651283
943	37	1364	\N	2019-03-07 23:37:15.657989	2019-03-07 23:37:15.657989
944	37	1365	\N	2019-03-07 23:37:15.664983	2019-03-07 23:37:15.664983
945	37	1366	\N	2019-03-07 23:37:15.672359	2019-03-07 23:37:15.672359
946	37	1367	\N	2019-03-07 23:37:15.68051	2019-03-07 23:37:15.68051
947	37	1368	\N	2019-03-07 23:37:15.687585	2019-03-07 23:37:15.687585
948	37	1369	\N	2019-03-07 23:37:15.694784	2019-03-07 23:37:15.694784
949	37	1370	\N	2019-03-07 23:37:15.702172	2019-03-07 23:37:15.702172
950	37	1371	\N	2019-03-07 23:37:15.709941	2019-03-07 23:37:15.709941
951	37	1372	\N	2019-03-07 23:37:15.717607	2019-03-07 23:37:15.717607
952	37	1373	\N	2019-03-07 23:37:15.72543	2019-03-07 23:37:15.72543
953	37	1374	\N	2019-03-07 23:37:15.733031	2019-03-07 23:37:15.733031
954	37	1375	\N	2019-03-07 23:37:15.7401	2019-03-07 23:37:15.7401
955	37	1376	\N	2019-03-07 23:37:15.747597	2019-03-07 23:37:15.747597
956	37	1377	\N	2019-03-07 23:37:15.755216	2019-03-07 23:37:15.755216
957	37	1378	\N	2019-03-07 23:37:15.762114	2019-03-07 23:37:15.762114
958	37	1379	\N	2019-03-07 23:37:15.775851	2019-03-07 23:37:15.775851
959	37	1380	\N	2019-03-07 23:37:15.785364	2019-03-07 23:37:15.785364
960	37	1381	\N	2019-03-07 23:37:15.794609	2019-03-07 23:37:15.794609
961	37	1382	\N	2019-03-07 23:37:15.802907	2019-03-07 23:37:15.802907
962	37	1383	\N	2019-03-07 23:37:15.810198	2019-03-07 23:37:15.810198
963	37	1384	\N	2019-03-07 23:37:15.817361	2019-03-07 23:37:15.817361
964	37	1385	\N	2019-03-07 23:37:15.824917	2019-03-07 23:37:15.824917
965	37	1386	\N	2019-03-07 23:37:15.831669	2019-03-07 23:37:15.831669
966	37	1387	\N	2019-03-07 23:37:15.839083	2019-03-07 23:37:15.839083
967	37	1388	\N	2019-03-07 23:37:15.846478	2019-03-07 23:37:15.846478
968	37	1389	\N	2019-03-07 23:37:15.853261	2019-03-07 23:37:15.853261
969	37	1390	\N	2019-03-07 23:37:15.860614	2019-03-07 23:37:15.860614
970	37	1391	\N	2019-03-07 23:37:15.867011	2019-03-07 23:37:15.867011
971	37	1392	\N	2019-03-07 23:37:15.874863	2019-03-07 23:37:15.874863
972	37	1393	\N	2019-03-07 23:37:15.883691	2019-03-07 23:37:15.883691
973	37	1394	\N	2019-03-07 23:37:15.8915	2019-03-07 23:37:15.8915
974	37	1395	\N	2019-03-07 23:37:15.899476	2019-03-07 23:37:15.899476
975	37	1396	\N	2019-03-07 23:37:15.904758	2019-03-07 23:37:15.904758
976	37	1397	\N	2019-03-07 23:37:15.916989	2019-03-07 23:37:15.916989
977	37	1398	\N	2019-03-07 23:37:15.925853	2019-03-07 23:37:15.925853
978	37	1399	\N	2019-03-07 23:37:15.93493	2019-03-07 23:37:15.93493
979	37	1400	\N	2019-03-07 23:37:15.941947	2019-03-07 23:37:15.941947
980	37	1401	\N	2019-03-07 23:37:15.94871	2019-03-07 23:37:15.94871
981	37	1402	\N	2019-03-07 23:37:15.955519	2019-03-07 23:37:15.955519
982	37	1403	\N	2019-03-07 23:37:15.962188	2019-03-07 23:37:15.962188
983	37	1404	\N	2019-03-07 23:37:15.969802	2019-03-07 23:37:15.969802
984	37	1405	\N	2019-03-07 23:37:15.976592	2019-03-07 23:37:15.976592
985	37	1406	\N	2019-03-07 23:37:15.984309	2019-03-07 23:37:15.984309
986	37	1407	\N	2019-03-07 23:37:15.991585	2019-03-07 23:37:15.991585
987	37	1408	\N	2019-03-07 23:37:15.99898	2019-03-07 23:37:15.99898
988	37	1409	\N	2019-03-07 23:37:16.006516	2019-03-07 23:37:16.006516
989	37	1410	\N	2019-03-07 23:37:16.014425	2019-03-07 23:37:16.014425
990	37	1411	\N	2019-03-07 23:37:16.024004	2019-03-07 23:37:16.024004
991	37	1412	\N	2019-03-07 23:37:16.03082	2019-03-07 23:37:16.03082
992	37	1413	\N	2019-03-07 23:37:16.037843	2019-03-07 23:37:16.037843
993	37	1414	\N	2019-03-07 23:37:16.04487	2019-03-07 23:37:16.04487
994	37	1415	\N	2019-03-07 23:37:16.050827	2019-03-07 23:37:16.050827
995	37	1416	\N	2019-03-07 23:37:16.057883	2019-03-07 23:37:16.057883
996	37	1417	\N	2019-03-07 23:37:16.064684	2019-03-07 23:37:16.064684
997	37	1418	\N	2019-03-07 23:37:16.071518	2019-03-07 23:37:16.071518
998	37	1419	\N	2019-03-07 23:37:16.078102	2019-03-07 23:37:16.078102
999	37	1420	\N	2019-03-07 23:37:16.084695	2019-03-07 23:37:16.084695
1000	37	1421	\N	2019-03-07 23:37:16.091353	2019-03-07 23:37:16.091353
1001	37	1422	\N	2019-03-07 23:37:16.098856	2019-03-07 23:37:16.098856
1002	37	1423	\N	2019-03-07 23:37:16.106416	2019-03-07 23:37:16.106416
1003	37	1424	\N	2019-03-07 23:37:16.11339	2019-03-07 23:37:16.11339
1004	37	1425	\N	2019-03-07 23:37:16.118557	2019-03-07 23:37:16.118557
1005	37	1426	\N	2019-03-07 23:37:16.126889	2019-03-07 23:37:16.126889
1006	37	1427	\N	2019-03-07 23:37:16.133585	2019-03-07 23:37:16.133585
1007	37	1428	\N	2019-03-07 23:37:16.141069	2019-03-07 23:37:16.141069
1008	37	1429	\N	2019-03-07 23:37:16.148537	2019-03-07 23:37:16.148537
1009	37	1430	\N	2019-03-07 23:37:16.155411	2019-03-07 23:37:16.155411
1010	37	1431	\N	2019-03-07 23:37:16.162236	2019-03-07 23:37:16.162236
1011	37	1432	\N	2019-03-07 23:37:16.16912	2019-03-07 23:37:16.16912
1012	37	1433	\N	2019-03-07 23:37:16.176163	2019-03-07 23:37:16.176163
1013	37	1434	\N	2019-03-07 23:37:16.182951	2019-03-07 23:37:16.182951
1014	37	1435	\N	2019-03-07 23:37:16.190173	2019-03-07 23:37:16.190173
1015	37	1436	\N	2019-03-07 23:37:16.196919	2019-03-07 23:37:16.196919
1016	37	1437	\N	2019-03-07 23:37:16.203746	2019-03-07 23:37:16.203746
1017	37	1438	\N	2019-03-07 23:37:16.210987	2019-03-07 23:37:16.210987
1018	37	1439	\N	2019-03-07 23:37:16.218153	2019-03-07 23:37:16.218153
1019	37	1440	\N	2019-03-07 23:37:16.225574	2019-03-07 23:37:16.225574
1020	38	1321	\N	2019-03-08 15:11:29.559293	2019-03-08 15:11:29.559293
1021	38	1322	\N	2019-03-08 15:11:29.567579	2019-03-08 15:11:29.567579
1022	38	1323	\N	2019-03-08 15:11:29.574595	2019-03-08 15:11:29.574595
1023	38	1324	\N	2019-03-08 15:11:29.580188	2019-03-08 15:11:29.580188
1024	38	1325	\N	2019-03-08 15:11:29.587063	2019-03-08 15:11:29.587063
1025	38	1326	\N	2019-03-08 15:11:29.593875	2019-03-08 15:11:29.593875
1026	38	1327	\N	2019-03-08 15:11:29.601615	2019-03-08 15:11:29.601615
1027	38	1328	\N	2019-03-08 15:11:29.607076	2019-03-08 15:11:29.607076
1028	38	1329	\N	2019-03-08 15:11:29.614685	2019-03-08 15:11:29.614685
1029	38	1330	\N	2019-03-08 15:11:29.624184	2019-03-08 15:11:29.624184
1030	38	1331	\N	2019-03-08 15:11:29.632814	2019-03-08 15:11:29.632814
1031	38	1332	\N	2019-03-08 15:11:29.639842	2019-03-08 15:11:29.639842
1032	38	1333	\N	2019-03-08 15:11:29.64742	2019-03-08 15:11:29.64742
1033	38	1334	\N	2019-03-08 15:11:29.655504	2019-03-08 15:11:29.655504
1034	38	1335	\N	2019-03-08 15:11:29.663632	2019-03-08 15:11:29.663632
1035	38	1336	\N	2019-03-08 15:11:29.670808	2019-03-08 15:11:29.670808
1036	38	1337	\N	2019-03-08 15:11:29.677896	2019-03-08 15:11:29.677896
1037	38	1338	\N	2019-03-08 15:11:29.685324	2019-03-08 15:11:29.685324
1038	38	1339	\N	2019-03-08 15:11:29.692234	2019-03-08 15:11:29.692234
1039	38	1340	\N	2019-03-08 15:11:29.696524	2019-03-08 15:11:29.696524
1040	38	1341	\N	2019-03-08 15:11:29.703558	2019-03-08 15:11:29.703558
1041	38	1342	\N	2019-03-08 15:11:29.710502	2019-03-08 15:11:29.710502
1042	38	1343	\N	2019-03-08 15:11:29.718734	2019-03-08 15:11:29.718734
1043	38	1344	\N	2019-03-08 15:11:29.726698	2019-03-08 15:11:29.726698
1044	38	1345	\N	2019-03-08 15:11:29.735029	2019-03-08 15:11:29.735029
1045	38	1346	\N	2019-03-08 15:11:29.742511	2019-03-08 15:11:29.742511
1046	38	1347	\N	2019-03-08 15:11:29.751407	2019-03-08 15:11:29.751407
1047	38	1348	\N	2019-03-08 15:11:29.760377	2019-03-08 15:11:29.760377
1048	38	1349	\N	2019-03-08 15:11:29.769075	2019-03-08 15:11:29.769075
1049	38	1350	\N	2019-03-08 15:11:29.780675	2019-03-08 15:11:29.780675
1050	38	1351	\N	2019-03-08 15:11:29.788043	2019-03-08 15:11:29.788043
1051	38	1352	\N	2019-03-08 15:11:29.796004	2019-03-08 15:11:29.796004
1052	38	1353	\N	2019-03-08 15:11:29.803392	2019-03-08 15:11:29.803392
1053	38	1354	\N	2019-03-08 15:11:29.813476	2019-03-08 15:11:29.813476
1054	38	1355	\N	2019-03-08 15:11:29.82071	2019-03-08 15:11:29.82071
1055	38	1356	\N	2019-03-08 15:11:29.828738	2019-03-08 15:11:29.828738
1056	38	1357	\N	2019-03-08 15:11:29.836321	2019-03-08 15:11:29.836321
1057	38	1358	\N	2019-03-08 15:11:29.844091	2019-03-08 15:11:29.844091
1058	38	1359	\N	2019-03-08 15:11:29.85214	2019-03-08 15:11:29.85214
1059	38	1360	\N	2019-03-08 15:11:29.859295	2019-03-08 15:11:29.859295
1060	38	1361	\N	2019-03-08 15:11:29.86646	2019-03-08 15:11:29.86646
1061	38	1362	\N	2019-03-08 15:11:29.873332	2019-03-08 15:11:29.873332
1062	38	1363	\N	2019-03-08 15:11:29.880788	2019-03-08 15:11:29.880788
1063	38	1364	\N	2019-03-08 15:11:29.88781	2019-03-08 15:11:29.88781
1064	38	1365	\N	2019-03-08 15:11:29.895713	2019-03-08 15:11:29.895713
1065	38	1366	\N	2019-03-08 15:11:29.904186	2019-03-08 15:11:29.904186
1066	38	1367	\N	2019-03-08 15:11:29.912638	2019-03-08 15:11:29.912638
1067	38	1368	\N	2019-03-08 15:11:29.921278	2019-03-08 15:11:29.921278
1068	38	1369	\N	2019-03-08 15:11:29.930062	2019-03-08 15:11:29.930062
1069	38	1370	\N	2019-03-08 15:11:29.938554	2019-03-08 15:11:29.938554
1070	38	1371	\N	2019-03-08 15:11:29.9456	2019-03-08 15:11:29.9456
1071	38	1372	\N	2019-03-08 15:11:29.953607	2019-03-08 15:11:29.953607
1072	38	1373	\N	2019-03-08 15:11:29.961578	2019-03-08 15:11:29.961578
1073	38	1374	\N	2019-03-08 15:11:29.969166	2019-03-08 15:11:29.969166
1074	38	1375	\N	2019-03-08 15:11:29.977539	2019-03-08 15:11:29.977539
1075	38	1376	\N	2019-03-08 15:11:29.985422	2019-03-08 15:11:29.985422
1076	38	1377	\N	2019-03-08 15:11:29.992943	2019-03-08 15:11:29.992943
1077	38	1378	\N	2019-03-08 15:11:30.000644	2019-03-08 15:11:30.000644
1078	38	1379	\N	2019-03-08 15:11:30.008078	2019-03-08 15:11:30.008078
1079	38	1380	\N	2019-03-08 15:11:30.015621	2019-03-08 15:11:30.015621
1080	38	1381	\N	2019-03-08 15:11:30.02247	2019-03-08 15:11:30.02247
1081	38	1382	\N	2019-03-08 15:11:30.029401	2019-03-08 15:11:30.029401
1082	38	1383	\N	2019-03-08 15:11:30.036346	2019-03-08 15:11:30.036346
1083	38	1384	\N	2019-03-08 15:11:30.042896	2019-03-08 15:11:30.042896
1084	38	1385	\N	2019-03-08 15:11:30.050546	2019-03-08 15:11:30.050546
1085	38	1386	\N	2019-03-08 15:11:30.057747	2019-03-08 15:11:30.057747
1086	38	1387	\N	2019-03-08 15:11:30.062247	2019-03-08 15:11:30.062247
1087	38	1388	\N	2019-03-08 15:11:30.06943	2019-03-08 15:11:30.06943
1088	38	1389	\N	2019-03-08 15:11:30.076512	2019-03-08 15:11:30.076512
1089	38	1390	\N	2019-03-08 15:11:30.089143	2019-03-08 15:11:30.089143
1090	38	1391	\N	2019-03-08 15:11:30.095892	2019-03-08 15:11:30.095892
1091	38	1392	\N	2019-03-08 15:11:30.102828	2019-03-08 15:11:30.102828
1092	38	1393	\N	2019-03-08 15:11:30.109853	2019-03-08 15:11:30.109853
1093	38	1394	\N	2019-03-08 15:11:30.117165	2019-03-08 15:11:30.117165
1094	38	1395	\N	2019-03-08 15:11:30.123612	2019-03-08 15:11:30.123612
1095	38	1396	\N	2019-03-08 15:11:30.130664	2019-03-08 15:11:30.130664
1096	38	1397	\N	2019-03-08 15:11:30.13537	2019-03-08 15:11:30.13537
1097	38	1398	\N	2019-03-08 15:11:30.142944	2019-03-08 15:11:30.142944
1098	38	1399	\N	2019-03-08 15:11:30.147301	2019-03-08 15:11:30.147301
1099	38	1400	\N	2019-03-08 15:11:30.156333	2019-03-08 15:11:30.156333
1100	38	1401	\N	2019-03-08 15:11:30.16337	2019-03-08 15:11:30.16337
1101	38	1402	\N	2019-03-08 15:11:30.170566	2019-03-08 15:11:30.170566
1102	38	1403	\N	2019-03-08 15:11:30.177571	2019-03-08 15:11:30.177571
1103	38	1404	\N	2019-03-08 15:11:30.184804	2019-03-08 15:11:30.184804
1104	38	1405	\N	2019-03-08 15:11:30.191769	2019-03-08 15:11:30.191769
1105	38	1406	\N	2019-03-08 15:11:30.199053	2019-03-08 15:11:30.199053
1106	38	1407	\N	2019-03-08 15:11:30.205617	2019-03-08 15:11:30.205617
1107	38	1408	\N	2019-03-08 15:11:30.212396	2019-03-08 15:11:30.212396
1108	38	1409	\N	2019-03-08 15:11:30.218993	2019-03-08 15:11:30.218993
1109	38	1410	\N	2019-03-08 15:11:30.226716	2019-03-08 15:11:30.226716
1110	38	1411	\N	2019-03-08 15:11:30.233463	2019-03-08 15:11:30.233463
1111	38	1412	\N	2019-03-08 15:11:30.240457	2019-03-08 15:11:30.240457
1112	38	1413	\N	2019-03-08 15:11:30.244999	2019-03-08 15:11:30.244999
1113	38	1414	\N	2019-03-08 15:11:30.25213	2019-03-08 15:11:30.25213
1114	38	1415	\N	2019-03-08 15:11:30.256953	2019-03-08 15:11:30.256953
1115	38	1416	\N	2019-03-08 15:11:30.26391	2019-03-08 15:11:30.26391
1116	38	1417	\N	2019-03-08 15:11:30.271337	2019-03-08 15:11:30.271337
1117	38	1418	\N	2019-03-08 15:11:30.278949	2019-03-08 15:11:30.278949
1118	38	1419	\N	2019-03-08 15:11:30.283247	2019-03-08 15:11:30.283247
1119	38	1420	\N	2019-03-08 15:11:30.290463	2019-03-08 15:11:30.290463
1120	38	1421	\N	2019-03-08 15:11:30.297885	2019-03-08 15:11:30.297885
1121	38	1422	\N	2019-03-08 15:11:30.305608	2019-03-08 15:11:30.305608
1122	38	1423	\N	2019-03-08 15:11:30.312576	2019-03-08 15:11:30.312576
1123	38	1424	\N	2019-03-08 15:11:30.319953	2019-03-08 15:11:30.319953
1124	38	1425	\N	2019-03-08 15:11:30.327585	2019-03-08 15:11:30.327585
1125	38	1426	\N	2019-03-08 15:11:30.334716	2019-03-08 15:11:30.334716
1126	38	1427	\N	2019-03-08 15:11:30.34135	2019-03-08 15:11:30.34135
1127	38	1428	\N	2019-03-08 15:11:30.34837	2019-03-08 15:11:30.34837
1128	38	1429	\N	2019-03-08 15:11:30.355262	2019-03-08 15:11:30.355262
1129	38	1430	\N	2019-03-08 15:11:30.362715	2019-03-08 15:11:30.362715
1130	38	1431	\N	2019-03-08 15:11:30.3696	2019-03-08 15:11:30.3696
1131	38	1432	\N	2019-03-08 15:11:30.37649	2019-03-08 15:11:30.37649
1132	38	1433	\N	2019-03-08 15:11:30.383947	2019-03-08 15:11:30.383947
1133	38	1434	\N	2019-03-08 15:11:30.390597	2019-03-08 15:11:30.390597
1134	38	1435	\N	2019-03-08 15:11:30.398411	2019-03-08 15:11:30.398411
1135	38	1436	\N	2019-03-08 15:11:30.405038	2019-03-08 15:11:30.405038
1136	38	1437	\N	2019-03-08 15:11:30.412381	2019-03-08 15:11:30.412381
1137	38	1438	\N	2019-03-08 15:11:30.418751	2019-03-08 15:11:30.418751
1138	38	1439	\N	2019-03-08 15:11:30.425748	2019-03-08 15:11:30.425748
1139	38	1440	\N	2019-03-08 15:11:30.432943	2019-03-08 15:11:30.432943
\.


--
-- Data for Name: users; Type: TABLE DATA; Schema: public; Owner: -
--

COPY public.users (id, email, name, password_digest, created_at, updated_at) FROM stdin;
23	thompson@thompsonplyler.com	Thompson	$2a$10$pWBzGWw9hw54DZ0IQJ4IsenfGXmafcIlnC.0b4S3gX/5sEdT83rom	2019-02-26 15:05:12.978353	2019-02-26 15:05:12.978353
24	joannlpan@gmail.com	Joann	$2a$10$7Aiy/To.rAOOIq/gJpX8tuE7gOPYYREpLXaqaEMuQuoZidOUhv.TK	2019-02-26 15:05:13.04798	2019-02-26 15:05:13.04798
31	mike@mike.com	Mike	$2a$10$0D7vGmorSavcqjHqKDO6xeASkMAB9/k4VNqXVDjVaBkkBoS9fmG0y	2019-03-07 16:26:35.210892	2019-03-07 16:26:35.210892
32	julie@julie.com	Julie	$2a$10$UzvGUZRnPU1fr66HikaDrOJbe8fC.9EXvlx/0bY2vLx6kv4LsngUi	2019-03-07 16:28:20.029531	2019-03-07 16:28:20.029531
33	martha@martha.com	martha	$2a$10$4FnqL1HIqQGoJpKslRacz.WiUSTYVRRMgkKUHsD6p3e4cWcOAM7mm	2019-03-07 16:28:52.759282	2019-03-07 16:28:52.759282
34	gigi@gigi.com	Gigi	$2a$10$T6ePlQCPBD4tEbzr.Hhm8uFpibQE.mHmJZ2yj9d4C.ArLikK5M84.	2019-03-07 19:27:14.71352	2019-03-07 19:27:14.71352
35	bob@saget.com	Bob	$2a$10$xwY.x6rexKizsZ4MAe1iaO6CPNlNHvoG1VQ/erva2d3REd9IWr6W.	2019-03-07 21:32:12.867731	2019-03-07 21:32:12.867731
36	bill@bill.com	Bill	$2a$10$uY1JEXoCBrWdfdAxQ8H1XOs1O9VtIxDwUuJIA.AkE9jDGPPcspI3W	2019-03-07 23:22:35.328387	2019-03-07 23:22:35.328387
37	tim@tim.com	Tim	$2a$10$ki3w1GES9XAju7RXOwg5OOrPp1ioILzlfF1hEtoewDm0/P/tAZ8bO	2019-03-07 23:37:15.327595	2019-03-07 23:37:15.327595
38	kiyana@kiyana.com	Kiyana	$2a$10$mf383NA2ZUAX89n6iGaOZ..OuK0okwnJOCkE2Z4ZHFfxMLjXUvJqK	2019-03-08 15:11:29.546986	2019-03-08 15:11:29.546986
\.


--
-- Data for Name: workout_exercises; Type: TABLE DATA; Schema: public; Owner: -
--

COPY public.workout_exercises (id, workout_id, exercise_id, reps, set, "order", created_at, updated_at) FROM stdin;
96	210	266	30	1	1	2019-02-26 15:05:14.134369	2019-02-26 15:05:14.134369
97	210	267	30	1	2	2019-02-26 15:05:14.145714	2019-02-26 15:05:14.145714
98	210	268	30	1	3	2019-02-26 15:05:14.159896	2019-02-26 15:05:14.159896
99	210	269	30	1	4	2019-02-26 15:05:14.174948	2019-02-26 15:05:14.174948
100	210	270	50	1	5	2019-02-26 15:05:14.187354	2019-02-26 15:05:14.187354
101	211	271	5	1	1	2019-02-26 15:05:14.197409	2019-02-26 15:05:14.197409
102	211	272	5	1	2	2019-02-26 15:05:14.207588	2019-02-26 15:05:14.207588
103	211	273	5	1	3	2019-02-26 15:05:14.217617	2019-02-26 15:05:14.217617
104	211	274	5	1	4	2019-02-26 15:05:14.22938	2019-02-26 15:05:14.22938
105	211	275	10	2	5	2019-02-26 15:05:14.242045	2019-02-26 15:05:14.242045
106	211	276	10	3	6	2019-02-26 15:05:14.247619	2019-02-26 15:05:14.247619
107	212	277	6	2	1	2019-02-26 15:05:14.254389	2019-02-26 15:05:14.254389
108	212	278	6	2	2	2019-02-26 15:05:14.261197	2019-02-26 15:05:14.261197
109	212	279	6	3	3	2019-02-26 15:05:14.268237	2019-02-26 15:05:14.268237
110	214	263	9	2	1	2019-02-26 15:05:14.275702	2019-02-26 15:05:14.275702
111	214	265	6	2	2	2019-02-26 15:05:14.282892	2019-02-26 15:05:14.282892
112	214	264	6	2	3	2019-02-26 15:05:14.290439	2019-02-26 15:05:14.290439
113	215	280	8	3	1	2019-02-26 15:05:14.297876	2019-02-26 15:05:14.297876
114	215	281	6	3	2	2019-02-26 15:05:14.305192	2019-02-26 15:05:14.305192
115	215	282	8	3	3	2019-02-26 15:05:14.312519	2019-02-26 15:05:14.312519
116	215	283	6	3	4	2019-02-26 15:05:14.319729	2019-02-26 15:05:14.319729
117	216	284	10	3	1	2019-02-26 15:05:14.326665	2019-02-26 15:05:14.326665
118	216	285	5	3	2	2019-02-26 15:05:14.333828	2019-02-26 15:05:14.333828
119	216	286	8	3	3	2019-02-26 15:05:14.338045	2019-02-26 15:05:14.338045
120	216	287	6	3	4	2019-02-26 15:05:14.346145	2019-02-26 15:05:14.346145
124	218	291	30	1	1	2019-02-26 15:05:14.368352	2019-02-26 15:05:14.368352
125	218	292	270	1	2	2019-02-26 15:05:14.373036	2019-02-26 15:05:14.373036
121	217	288	8	3	1	2019-02-26 15:05:14.350534	2019-02-26 15:05:14.350534
122	217	289	10	3	2	2019-02-26 15:05:14.357492	2019-02-26 15:05:14.357492
123	217	290	8	3	3	2019-02-26 15:05:14.361296	2019-02-26 15:05:14.361296
\.


--
-- Data for Name: workouts; Type: TABLE DATA; Schema: public; Owner: -
--

COPY public.workouts (id, component, name, created_at, updated_at) FROM stdin;
210	Pillar Prep	Day 1 - Pillar Prep	2019-02-26 15:05:13.741753	2019-02-26 15:05:13.741753
211	Movement Prep	Day 1 - Movement Prep	2019-02-26 15:05:13.748166	2019-02-26 15:05:13.748166
212	Plyometrics	Day 1 - Plyometrics	2019-02-26 15:05:13.753539	2019-02-26 15:05:13.753539
213	Medicine Ball	Day 1 - Medicine Ball	2019-02-26 15:05:13.759455	2019-02-26 15:05:13.759455
214	Relative Power	Day 1 - Total Body Power	2019-02-26 15:05:13.764691	2019-02-26 15:05:13.764691
215	Relative Power	Day 1 - Primary Power	2019-02-26 15:05:13.767059	2019-02-26 15:05:13.767059
216	Relative Power	Day 1 - Secondary Power	2019-02-26 15:05:13.771866	2019-02-26 15:05:13.771866
217	Relative Power	Day 1 - Rotational Power	2019-02-26 15:05:13.778093	2019-02-26 15:05:13.778093
218	ESD	Day 1 - ESD	2019-02-26 15:05:13.783141	2019-02-26 15:05:13.783141
219	Movement Skills	Movement Skills - Multidirectional	2019-02-26 15:05:13.78821	2019-02-26 15:05:13.78821
220	Movement Skills	Movement Skills - Linear	2019-02-26 15:05:13.794038	2019-02-26 15:05:13.794038
221	Movement Skills	Movement Skills - Combination	2019-02-26 15:05:13.79927	2019-02-26 15:05:13.79927
222	Regeneration	Regeneration - General	2019-02-26 15:05:13.804271	2019-02-26 15:05:13.804271
223	Regeneration	Regeneration - Hip pain	2019-02-26 15:05:13.809614	2019-02-26 15:05:13.809614
224	Regeneration	Regeneration - Flexibility	2019-02-26 15:05:13.814428	2019-02-26 15:05:13.814428
225	Regeneration	Regeneration - Knee Pain	2019-02-26 15:05:13.816841	2019-02-26 15:05:13.816841
226	Regeneration	Regeneration - Upper Back/Shoulder Pain	2019-02-26 15:05:13.819146	2019-02-26 15:05:13.819146
227	Regeneration	Regeneration - Self Massage	2019-02-26 15:05:13.821025	2019-02-26 15:05:13.821025
228	Regeneration	Regeneration - Hip Pain	2019-02-26 15:05:13.825806	2019-02-26 15:05:13.825806
229	Pillar Prep	Movement Skills, Combination - Pillar Prep	2019-02-26 20:59:27.201997	2019-02-26 20:59:27.201997
230	Movement Prep	Movement Skills, Combination - Movement Prep	2019-02-26 21:00:18.217918	2019-02-26 21:00:18.217918
231	Plyometrics	Movement Skills, Combination - Plyometrics	2019-02-26 21:00:53.342509	2019-02-26 21:00:53.342509
232	Plyometrics	Movement Skills, Combination - Movement Skills	2019-02-26 21:01:48.208945	2019-02-26 21:01:48.208945
233	ESD	Movement Skills, Combination - ESD	2019-02-26 21:03:14.284281	2019-02-26 21:03:14.284281
\.


--
-- Name: exercises_id_seq; Type: SEQUENCE SET; Schema: public; Owner: -
--

SELECT pg_catalog.setval('public.exercises_id_seq', 293, true);


--
-- Name: session_workouts_id_seq; Type: SEQUENCE SET; Schema: public; Owner: -
--

SELECT pg_catalog.setval('public.session_workouts_id_seq', 73, true);


--
-- Name: sessions_id_seq; Type: SEQUENCE SET; Schema: public; Owner: -
--

SELECT pg_catalog.setval('public.sessions_id_seq', 1440, true);


--
-- Name: user_session_workout_exercises_id_seq; Type: SEQUENCE SET; Schema: public; Owner: -
--

SELECT pg_catalog.setval('public.user_session_workout_exercises_id_seq', 116, true);


--
-- Name: user_sessions_id_seq; Type: SEQUENCE SET; Schema: public; Owner: -
--

SELECT pg_catalog.setval('public.user_sessions_id_seq', 1139, true);


--
-- Name: users_id_seq; Type: SEQUENCE SET; Schema: public; Owner: -
--

SELECT pg_catalog.setval('public.users_id_seq', 38, true);


--
-- Name: workout_exercises_id_seq; Type: SEQUENCE SET; Schema: public; Owner: -
--

SELECT pg_catalog.setval('public.workout_exercises_id_seq', 125, true);


--
-- Name: workouts_id_seq; Type: SEQUENCE SET; Schema: public; Owner: -
--

SELECT pg_catalog.setval('public.workouts_id_seq', 229, true);


--
-- Name: ar_internal_metadata ar_internal_metadata_pkey; Type: CONSTRAINT; Schema: public; Owner: -
--

ALTER TABLE ONLY public.ar_internal_metadata
    ADD CONSTRAINT ar_internal_metadata_pkey PRIMARY KEY (key);


--
-- Name: exercises exercises_pkey; Type: CONSTRAINT; Schema: public; Owner: -
--

ALTER TABLE ONLY public.exercises
    ADD CONSTRAINT exercises_pkey PRIMARY KEY (id);


--
-- Name: schema_migrations schema_migrations_pkey; Type: CONSTRAINT; Schema: public; Owner: -
--

ALTER TABLE ONLY public.schema_migrations
    ADD CONSTRAINT schema_migrations_pkey PRIMARY KEY (version);


--
-- Name: session_workouts session_workouts_pkey; Type: CONSTRAINT; Schema: public; Owner: -
--

ALTER TABLE ONLY public.session_workouts
    ADD CONSTRAINT session_workouts_pkey PRIMARY KEY (id);


--
-- Name: sessions sessions_pkey; Type: CONSTRAINT; Schema: public; Owner: -
--

ALTER TABLE ONLY public.sessions
    ADD CONSTRAINT sessions_pkey PRIMARY KEY (id);


--
-- Name: user_session_workout_exercises user_session_workout_exercises_pkey; Type: CONSTRAINT; Schema: public; Owner: -
--

ALTER TABLE ONLY public.user_session_workout_exercises
    ADD CONSTRAINT user_session_workout_exercises_pkey PRIMARY KEY (id);


--
-- Name: user_sessions user_sessions_pkey; Type: CONSTRAINT; Schema: public; Owner: -
--

ALTER TABLE ONLY public.user_sessions
    ADD CONSTRAINT user_sessions_pkey PRIMARY KEY (id);


--
-- Name: users users_pkey; Type: CONSTRAINT; Schema: public; Owner: -
--

ALTER TABLE ONLY public.users
    ADD CONSTRAINT users_pkey PRIMARY KEY (id);


--
-- Name: workout_exercises workout_exercises_pkey; Type: CONSTRAINT; Schema: public; Owner: -
--

ALTER TABLE ONLY public.workout_exercises
    ADD CONSTRAINT workout_exercises_pkey PRIMARY KEY (id);


--
-- Name: workouts workouts_pkey; Type: CONSTRAINT; Schema: public; Owner: -
--

ALTER TABLE ONLY public.workouts
    ADD CONSTRAINT workouts_pkey PRIMARY KEY (id);


--
-- PostgreSQL database dump complete
--

